rep,phase,d,r,tick,acc
0,sweep,0.002,0,0,0.9554
0,sweep,0.002,0,50,0.9554
0,sweep,0.002,0,100,0.9583
0,sweep,0.002,0,150,0.9590
0,sweep,0.002,0,200,0.9567
0,sweep,0.002,0,250,0.9564
0,sweep,0.002,0,300,0.9577
0,sweep,0.002,0,350,0.9554
0,sweep,0.002,0,400,0.9564
0,sweep,0.002,0,450,0.9557
0,sweep,0.002,0,500,0.9557
0,sweep,0.002,0,550,0.9544
0,sweep,0.002,0,600,0.9538
0,sweep,0.002,0,650,0.9528
0,sweep,0.002,0,700,0.9525
0,sweep,0.002,0,750,0.9518
0,sweep,0.002,0,800,0.9518
0,sweep,0.002,0,850,0.9531
0,sweep,0.002,0,900,0.9531
0,sweep,0.002,0,950,0.9535
0,sweep,0.002,0,1000,0.9531
0,sweep,0.002,0,1050,0.9521
0,sweep,0.002,0,1100,0.9521
0,sweep,0.002,0,1150,0.9499
0,sweep,0.002,0,1200,0.9492
0,sweep,0.002,0,1250,0.9518
0,sweep,0.002,0,1300,0.9508
0,sweep,0.002,0,1350,0.9486
0,sweep,0.002,0,1400,0.9463
0,sweep,0.002,0,1450,0.9437
0,sweep,0.002,0,1499,0.9421
0,sweep,0.002,1,0,0.9554
0,sweep,0.002,1,50,0.9570
0,sweep,0.002,1,100,0.9583
0,sweep,0.002,1,150,0.9580
0,sweep,0.002,1,200,0.9577
0,sweep,0.002,1,250,0.9590
0,sweep,0.002,1,300,0.9590
0,sweep,0.002,1,350,0.9596
0,sweep,0.002,1,400,0.9596
0,sweep,0.002,1,450,0.9590
0,sweep,0.002,1,500,0.9593
0,sweep,0.002,1,550,0.9577
0,sweep,0.002,1,600,0.9580
0,sweep,0.002,1,650,0.9574
0,sweep,0.002,1,700,0.9590
0,sweep,0.002,1,750,0.9580
0,sweep,0.002,1,800,0.9583
0,sweep,0.002,1,850,0.9577
0,sweep,0.002,1,900,0.9580
0,sweep,0.002,1,950,0.9580
0,sweep,0.002,1,1000,0.9577
0,sweep,0.002,1,1050,0.9577
0,sweep,0.002,1,1100,0.9570
0,sweep,0.002,1,1150,0.9570
0,sweep,0.002,1,1200,0.9593
0,sweep,0.002,1,1250,0.9574
0,sweep,0.002,1,1300,0.9580
0,sweep,0.002,1,1350,0.9577
0,sweep,0.002,1,1400,0.9580
0,sweep,0.002,1,1450,0.9580
0,sweep,0.002,1,1499,0.9570
0,sweep,0.002,2,0,0.9554
0,sweep,0.002,2,50,0.9587
0,sweep,0.002,2,100,0.9587
0,sweep,0.002,2,150,0.9583
0,sweep,0.002,2,200,0.9600
0,sweep,0.002,2,250,0.9596
0,sweep,0.002,2,300,0.9593
0,sweep,0.002,2,350,0.9603
0,sweep,0.002,2,400,0.9596
0,sweep,0.002,2,450,0.9593
0,sweep,0.002,2,500,0.9593
0,sweep,0.002,2,550,0.9603
0,sweep,0.002,2,600,0.9596
0,sweep,0.002,2,650,0.9609
0,sweep,0.002,2,700,0.9600
0,sweep,0.002,2,750,0.9593
0,sweep,0.002,2,800,0.9596
0,sweep,0.002,2,850,0.9593
0,sweep,0.002,2,900,0.9570
0,sweep,0.002,2,950,0.9590
0,sweep,0.002,2,1000,0.9580
0,sweep,0.002,2,1050,0.9580
0,sweep,0.002,2,1100,0.9570
0,sweep,0.002,2,1150,0.9583
0,sweep,0.002,2,1200,0.9596
0,sweep,0.002,2,1250,0.9593
0,sweep,0.002,2,1300,0.9580
0,sweep,0.002,2,1350,0.9574
0,sweep,0.002,2,1400,0.9567
0,sweep,0.002,2,1450,0.9567
0,sweep,0.002,2,1499,0.9561
0,sweep,0.002,4,0,0.9554
0,sweep,0.002,4,50,0.9583
0,sweep,0.002,4,100,0.9590
0,sweep,0.002,4,150,0.9596
0,sweep,0.002,4,200,0.9596
0,sweep,0.002,4,250,0.9606
0,sweep,0.002,4,300,0.9606
0,sweep,0.002,4,350,0.9603
0,sweep,0.002,4,400,0.9593
0,sweep,0.002,4,450,0.9596
0,sweep,0.002,4,500,0.9587
0,sweep,0.002,4,550,0.9603
0,sweep,0.002,4,600,0.9613
0,sweep,0.002,4,650,0.9596
0,sweep,0.002,4,700,0.9596
0,sweep,0.002,4,750,0.9603
0,sweep,0.002,4,800,0.9583
0,sweep,0.002,4,850,0.9593
0,sweep,0.002,4,900,0.9600
0,sweep,0.002,4,950,0.9600
0,sweep,0.002,4,1000,0.9577
0,sweep,0.002,4,1050,0.9574
0,sweep,0.002,4,1100,0.9567
0,sweep,0.002,4,1150,0.9564
0,sweep,0.002,4,1200,0.9570
0,sweep,0.002,4,1250,0.9580
0,sweep,0.002,4,1300,0.9564
0,sweep,0.002,4,1350,0.9548
0,sweep,0.002,4,1400,0.9564
0,sweep,0.002,4,1450,0.9554
0,sweep,0.002,4,1499,0.9564
0,sweep,0.002,8,0,0.9557
0,sweep,0.002,8,50,0.9580
0,sweep,0.002,8,100,0.9583
0,sweep,0.002,8,150,0.9593
0,sweep,0.002,8,200,0.9596
0,sweep,0.002,8,250,0.9596
0,sweep,0.002,8,300,0.9596
0,sweep,0.002,8,350,0.9603
0,sweep,0.002,8,400,0.9603
0,sweep,0.002,8,450,0.9616
0,sweep,0.002,8,500,0.9613
0,sweep,0.002,8,550,0.9600
0,sweep,0.002,8,600,0.9606
0,sweep,0.002,8,650,0.9587
0,sweep,0.002,8,700,0.9596
0,sweep,0.002,8,750,0.9590
0,sweep,0.002,8,800,0.9590
0,sweep,0.002,8,850,0.9600
0,sweep,0.002,8,900,0.9596
0,sweep,0.002,8,950,0.9583
0,sweep,0.002,8,1000,0.9593
0,sweep,0.002,8,1050,0.9596
0,sweep,0.002,8,1100,0.9596
0,sweep,0.002,8,1150,0.9583
0,sweep,0.002,8,1200,0.9583
0,sweep,0.002,8,1250,0.9580
0,sweep,0.002,8,1300,0.9590
0,sweep,0.002,8,1350,0.9564
0,sweep,0.002,8,1400,0.9570
0,sweep,0.002,8,1450,0.9574
0,sweep,0.002,8,1499,0.9570
0,sweep,0.005,0,0,0.9561
0,sweep,0.005,0,50,0.9521
0,sweep,0.005,0,100,0.9495
0,sweep,0.005,0,150,0.9489
0,sweep,0.005,0,200,0.9515
0,sweep,0.005,0,250,0.9505
0,sweep,0.005,0,300,0.9476
0,sweep,0.005,0,350,0.9473
0,sweep,0.005,0,400,0.9456
0,sweep,0.005,0,450,0.9391
0,sweep,0.005,0,500,0.9355
0,sweep,0.005,0,550,0.9297
0,sweep,0.005,0,600,0.9235
0,sweep,0.005,0,650,0.9160
0,sweep,0.005,0,700,0.9160
0,sweep,0.005,0,750,0.9095
0,sweep,0.005,0,800,0.9199
0,sweep,0.005,0,850,0.9176
0,sweep,0.005,0,900,0.9014
0,sweep,0.005,0,950,0.9004
0,sweep,0.005,0,1000,0.9053
0,sweep,0.005,0,1050,0.9134
0,sweep,0.005,0,1100,0.9036
0,sweep,0.005,0,1150,0.9095
0,sweep,0.005,0,1200,0.9053
0,sweep,0.005,0,1250,0.8988
0,sweep,0.005,0,1300,0.8835
0,sweep,0.005,0,1350,0.8503
0,sweep,0.005,0,1400,0.8200
0,sweep,0.005,0,1450,0.8154
0,sweep,0.005,0,1499,0.8252
0,sweep,0.005,1,0,0.9554
0,sweep,0.005,1,50,0.9580
0,sweep,0.005,1,100,0.9590
0,sweep,0.005,1,150,0.9609
0,sweep,0.005,1,200,0.9593
0,sweep,0.005,1,250,0.9600
0,sweep,0.005,1,300,0.9593
0,sweep,0.005,1,350,0.9561
0,sweep,0.005,1,400,0.9570
0,sweep,0.005,1,450,0.9593
0,sweep,0.005,1,500,0.9587
0,sweep,0.005,1,550,0.9596
0,sweep,0.005,1,600,0.9603
0,sweep,0.005,1,650,0.9590
0,sweep,0.005,1,700,0.9577
0,sweep,0.005,1,750,0.9580
0,sweep,0.005,1,800,0.9557
0,sweep,0.005,1,850,0.9538
0,sweep,0.005,1,900,0.9531
0,sweep,0.005,1,950,0.9535
0,sweep,0.005,1,1000,0.9492
0,sweep,0.005,1,1050,0.9499
0,sweep,0.005,1,1100,0.9489
0,sweep,0.005,1,1150,0.9482
0,sweep,0.005,1,1200,0.9450
0,sweep,0.005,1,1250,0.9447
0,sweep,0.005,1,1300,0.9408
0,sweep,0.005,1,1350,0.9404
0,sweep,0.005,1,1400,0.9365
0,sweep,0.005,1,1450,0.9388
0,sweep,0.005,1,1499,0.9372
0,sweep,0.005,2,0,0.9557
0,sweep,0.005,2,50,0.9574
0,sweep,0.005,2,100,0.9567
0,sweep,0.005,2,150,0.9593
0,sweep,0.005,2,200,0.9544
0,sweep,0.005,2,250,0.9567
0,sweep,0.005,2,300,0.9574
0,sweep,0.005,2,350,0.9567
0,sweep,0.005,2,400,0.9574
0,sweep,0.005,2,450,0.9567
0,sweep,0.005,2,500,0.9570
0,sweep,0.005,2,550,0.9551
0,sweep,0.005,2,600,0.9551
0,sweep,0.005,2,650,0.9561
0,sweep,0.005,2,700,0.9535
0,sweep,0.005,2,750,0.9541
0,sweep,0.005,2,800,0.9525
0,sweep,0.005,2,850,0.9528
0,sweep,0.005,2,900,0.9521
0,sweep,0.005,2,950,0.9512
0,sweep,0.005,2,1000,0.9502
0,sweep,0.005,2,1050,0.9518
0,sweep,0.005,2,1100,0.9466
0,sweep,0.005,2,1150,0.9463
0,sweep,0.005,2,1200,0.9430
0,sweep,0.005,2,1250,0.9450
0,sweep,0.005,2,1300,0.9447
0,sweep,0.005,2,1350,0.9414
0,sweep,0.005,2,1400,0.9411
0,sweep,0.005,2,1450,0.9378
0,sweep,0.005,2,1499,0.9411
0,sweep,0.005,4,0,0.9557
0,sweep,0.005,4,50,0.9574
0,sweep,0.005,4,100,0.9567
0,sweep,0.005,4,150,0.9583
0,sweep,0.005,4,200,0.9574
0,sweep,0.005,4,250,0.9574
0,sweep,0.005,4,300,0.9557
0,sweep,0.005,4,350,0.9577
0,sweep,0.005,4,400,0.9570
0,sweep,0.005,4,450,0.9567
0,sweep,0.005,4,500,0.9567
0,sweep,0.005,4,550,0.9564
0,sweep,0.005,4,600,0.9548
0,sweep,0.005,4,650,0.9531
0,sweep,0.005,4,700,0.9525
0,sweep,0.005,4,750,0.9531
0,sweep,0.005,4,800,0.9535
0,sweep,0.005,4,850,0.9525
0,sweep,0.005,4,900,0.9541
0,sweep,0.005,4,950,0.9521
0,sweep,0.005,4,1000,0.9482
0,sweep,0.005,4,1050,0.9499
0,sweep,0.005,4,1100,0.9492
0,sweep,0.005,4,1150,0.9473
0,sweep,0.005,4,1200,0.9486
0,sweep,0.005,4,1250,0.9479
0,sweep,0.005,4,1300,0.9434
0,sweep,0.005,4,1350,0.9434
0,sweep,0.005,4,1400,0.9408
0,sweep,0.005,4,1450,0.9382
0,sweep,0.005,4,1499,0.9378
0,sweep,0.005,8,0,0.9557
0,sweep,0.005,8,50,0.9580
0,sweep,0.005,8,100,0.9593
0,sweep,0.005,8,150,0.9596
0,sweep,0.005,8,200,0.9570
0,sweep,0.005,8,250,0.9596
0,sweep,0.005,8,300,0.9609
0,sweep,0.005,8,350,0.9600
0,sweep,0.005,8,400,0.9593
0,sweep,0.005,8,450,0.9609
0,sweep,0.005,8,500,0.9609
0,sweep,0.005,8,550,0.9583
0,sweep,0.005,8,600,0.9580
0,sweep,0.005,8,650,0.9577
0,sweep,0.005,8,700,0.9557
0,sweep,0.005,8,750,0.9557
0,sweep,0.005,8,800,0.9541
0,sweep,0.005,8,850,0.9528
0,sweep,0.005,8,900,0.9495
0,sweep,0.005,8,950,0.9505
0,sweep,0.005,8,1000,0.9479
0,sweep,0.005,8,1050,0.9450
0,sweep,0.005,8,1100,0.9450
0,sweep,0.005,8,1150,0.9443
0,sweep,0.005,8,1200,0.9463
0,sweep,0.005,8,1250,0.9430
0,sweep,0.005,8,1300,0.9417
0,sweep,0.005,8,1350,0.9408
0,sweep,0.005,8,1400,0.9375
0,sweep,0.005,8,1450,0.9342
0,sweep,0.005,8,1499,0.9333
0,sweep,0.01,0,0,0.9538
0,sweep,0.01,0,50,0.9551
0,sweep,0.01,0,100,0.9486
0,sweep,0.01,0,150,0.9508
0,sweep,0.01,0,200,0.9489
0,sweep,0.01,0,250,0.9495
0,sweep,0.01,0,300,0.9456
0,sweep,0.01,0,350,0.9404
0,sweep,0.01,0,400,0.9274
0,sweep,0.01,0,450,0.9170
0,sweep,0.01,0,500,0.9333
0,sweep,0.01,0,550,0.9271
0,sweep,0.01,0,600,0.9251
0,sweep,0.01,0,650,0.9193
0,sweep,0.01,0,700,0.9215
0,sweep,0.01,0,750,0.9056
0,sweep,0.01,0,800,0.8786
0,sweep,0.01,0,850,0.8594
0,sweep,0.01,0,900,0.8060
0,sweep,0.01,0,950,0.8034
0,sweep,0.01,0,1000,0.7484
0,sweep,0.01,0,1050,0.7002
0,sweep,0.01,0,1100,0.7103
0,sweep,0.01,0,1150,0.6592
0,sweep,0.01,0,1200,0.5625
0,sweep,0.01,0,1250,0.5882
0,sweep,0.01,0,1300,0.5527
0,sweep,0.01,0,1350,0.5137
0,sweep,0.01,0,1400,0.4720
0,sweep,0.01,0,1450,0.4567
0,sweep,0.01,0,1499,0.3822
0,sweep,0.01,1,0,0.9561
0,sweep,0.01,1,50,0.9593
0,sweep,0.01,1,100,0.9600
0,sweep,0.01,1,150,0.9583
0,sweep,0.01,1,200,0.9570
0,sweep,0.01,1,250,0.9564
0,sweep,0.01,1,300,0.9567
0,sweep,0.01,1,350,0.9557
0,sweep,0.01,1,400,0.9548
0,sweep,0.01,1,450,0.9515
0,sweep,0.01,1,500,0.9535
0,sweep,0.01,1,550,0.9469
0,sweep,0.01,1,600,0.9460
0,sweep,0.01,1,650,0.9447
0,sweep,0.01,1,700,0.9408
0,sweep,0.01,1,750,0.9404
0,sweep,0.01,1,800,0.9290
0,sweep,0.01,1,850,0.9196
0,sweep,0.01,1,900,0.9173
0,sweep,0.01,1,950,0.9108
0,sweep,0.01,1,1000,0.9157
0,sweep,0.01,1,1050,0.9128
0,sweep,0.01,1,1100,0.9053
0,sweep,0.01,1,1150,0.9001
0,sweep,0.01,1,1200,0.8792
0,sweep,0.01,1,1250,0.8714
0,sweep,0.01,1,1300,0.8509
0,sweep,0.01,1,1350,0.8320
0,sweep,0.01,1,1400,0.8148
0,sweep,0.01,1,1450,0.7926
0,sweep,0.01,1,1499,0.7773
0,sweep,0.01,2,0,0.9561
0,sweep,0.01,2,50,0.9580
0,sweep,0.01,2,100,0.9580
0,sweep,0.01,2,150,0.9561
0,sweep,0.01,2,200,0.9557
0,sweep,0.01,2,250,0.9577
0,sweep,0.01,2,300,0.9554
0,sweep,0.01,2,350,0.9535
0,sweep,0.01,2,400,0.9505
0,sweep,0.01,2,450,0.9531
0,sweep,0.01,2,500,0.9489
0,sweep,0.01,2,550,0.9492
0,sweep,0.01,2,600,0.9450
0,sweep,0.01,2,650,0.9362
0,sweep,0.01,2,700,0.9329
0,sweep,0.01,2,750,0.9245
0,sweep,0.01,2,800,0.9134
0,sweep,0.01,2,850,0.9238
0,sweep,0.01,2,900,0.9124
0,sweep,0.01,2,950,0.9036
0,sweep,0.01,2,1000,0.9007
0,sweep,0.01,2,1050,0.8932
0,sweep,0.01,2,1100,0.9069
0,sweep,0.01,2,1150,0.9004
0,sweep,0.01,2,1200,0.8942
0,sweep,0.01,2,1250,0.8760
0,sweep,0.01,2,1300,0.8783
0,sweep,0.01,2,1350,0.8617
0,sweep,0.01,2,1400,0.8496
0,sweep,0.01,2,1450,0.8118
0,sweep,0.01,2,1499,0.8099
0,sweep,0.01,4,0,0.9561
0,sweep,0.01,4,50,0.9574
0,sweep,0.01,4,100,0.9600
0,sweep,0.01,4,150,0.9596
0,sweep,0.01,4,200,0.9596
0,sweep,0.01,4,250,0.9596
0,sweep,0.01,4,300,0.9580
0,sweep,0.01,4,350,0.9577
0,sweep,0.01,4,400,0.9541
0,sweep,0.01,4,450,0.9557
0,sweep,0.01,4,500,0.9525
0,sweep,0.01,4,550,0.9518
0,sweep,0.01,4,600,0.9473
0,sweep,0.01,4,650,0.9453
0,sweep,0.01,4,700,0.9434
0,sweep,0.01,4,750,0.9378
0,sweep,0.01,4,800,0.9297
0,sweep,0.01,4,850,0.9290
0,sweep,0.01,4,900,0.9258
0,sweep,0.01,4,950,0.9196
0,sweep,0.01,4,1000,0.9121
0,sweep,0.01,4,1050,0.9121
0,sweep,0.01,4,1100,0.9095
0,sweep,0.01,4,1150,0.9036
0,sweep,0.01,4,1200,0.8932
0,sweep,0.01,4,1250,0.8861
0,sweep,0.01,4,1300,0.8828
0,sweep,0.01,4,1350,0.8770
0,sweep,0.01,4,1400,0.8675
0,sweep,0.01,4,1450,0.8551
0,sweep,0.01,4,1499,0.8506
0,sweep,0.01,8,0,0.9561
0,sweep,0.01,8,50,0.9587
0,sweep,0.01,8,100,0.9596
0,sweep,0.01,8,150,0.9596
0,sweep,0.01,8,200,0.9616
0,sweep,0.01,8,250,0.9574
0,sweep,0.01,8,300,0.9583
0,sweep,0.01,8,350,0.9577
0,sweep,0.01,8,400,0.9538
0,sweep,0.01,8,450,0.9548
0,sweep,0.01,8,500,0.9505
0,sweep,0.01,8,550,0.9499
0,sweep,0.01,8,600,0.9434
0,sweep,0.01,8,650,0.9437
0,sweep,0.01,8,700,0.9388
0,sweep,0.01,8,750,0.9362
0,sweep,0.01,8,800,0.9320
0,sweep,0.01,8,850,0.9274
0,sweep,0.01,8,900,0.9251
0,sweep,0.01,8,950,0.9170
0,sweep,0.01,8,1000,0.9170
0,sweep,0.01,8,1050,0.9092
0,sweep,0.01,8,1100,0.9059
0,sweep,0.01,8,1150,0.9020
0,sweep,0.01,8,1200,0.8952
0,sweep,0.01,8,1250,0.8949
0,sweep,0.01,8,1300,0.8926
0,sweep,0.01,8,1350,0.8854
0,sweep,0.01,8,1400,0.8910
0,sweep,0.01,8,1450,0.8805
0,sweep,0.01,8,1499,0.8757
0,sweep,0.02,0,0,0.9557
0,sweep,0.02,0,50,0.9505
0,sweep,0.02,0,100,0.9518
0,sweep,0.02,0,150,0.9385
0,sweep,0.02,0,200,0.9027
0,sweep,0.02,0,250,0.8672
0,sweep,0.02,0,300,0.8115
0,sweep,0.02,0,350,0.8021
0,sweep,0.02,0,400,0.7643
0,sweep,0.02,0,450,0.6497
0,sweep,0.02,0,500,0.5599
0,sweep,0.02,0,550,0.5524
0,sweep,0.02,0,600,0.4714
0,sweep,0.02,0,650,0.4762
0,sweep,0.02,0,700,0.4248
0,sweep,0.02,0,750,0.3473
0,sweep,0.02,0,800,0.2988
0,sweep,0.02,0,850,0.3366
0,sweep,0.02,0,900,0.3050
0,sweep,0.02,0,950,0.2181
0,sweep,0.02,0,1000,0.1781
0,sweep,0.02,0,1050,0.1107
0,sweep,0.02,0,1100,0.1090
0,sweep,0.02,0,1150,0.1061
0,sweep,0.02,0,1200,0.1058
0,sweep,0.02,0,1250,0.1058
0,sweep,0.02,0,1300,0.1058
0,sweep,0.02,0,1350,0.1058
0,sweep,0.02,0,1400,0.1058
0,sweep,0.02,0,1450,0.1058
0,sweep,0.02,0,1499,0.1058
0,sweep,0.02,1,0,0.9554
0,sweep,0.02,1,50,0.9557
0,sweep,0.02,1,100,0.9596
0,sweep,0.02,1,150,0.9499
0,sweep,0.02,1,200,0.9476
0,sweep,0.02,1,250,0.9495
0,sweep,0.02,1,300,0.9489
0,sweep,0.02,1,350,0.9352
0,sweep,0.02,1,400,0.9255
0,sweep,0.02,1,450,0.8945
0,sweep,0.02,1,500,0.8617
0,sweep,0.02,1,550,0.8480
0,sweep,0.02,1,600,0.8288
0,sweep,0.02,1,650,0.8379
0,sweep,0.02,1,700,0.7526
0,sweep,0.02,1,750,0.6976
0,sweep,0.02,1,800,0.6445
0,sweep,0.02,1,850,0.5137
0,sweep,0.02,1,900,0.4889
0,sweep,0.02,1,950,0.4971
0,sweep,0.02,1,1000,0.4385
0,sweep,0.02,1,1050,0.3301
0,sweep,0.02,1,1100,0.3473
0,sweep,0.02,1,1150,0.2500
0,sweep,0.02,1,1200,0.2949
0,sweep,0.02,1,1250,0.2168
0,sweep,0.02,1,1300,0.1312
0,sweep,0.02,1,1350,0.1322
0,sweep,0.02,1,1400,0.1032
0,sweep,0.02,1,1450,0.0928
0,sweep,0.02,1,1499,0.0951
0,sweep,0.02,2,0,0.9554
0,sweep,0.02,2,50,0.9544
0,sweep,0.02,2,100,0.9561
0,sweep,0.02,2,150,0.9538
0,sweep,0.02,2,200,0.9476
0,sweep,0.02,2,250,0.9443
0,sweep,0.02,2,300,0.9388
0,sweep,0.02,2,350,0.9378
0,sweep,0.02,2,400,0.9105
0,sweep,0.02,2,450,0.8994
0,sweep,0.02,2,500,0.8750
0,sweep,0.02,2,550,0.8333
0,sweep,0.02,2,600,0.8525
0,sweep,0.02,2,650,0.8376
0,sweep,0.02,2,700,0.7122
0,sweep,0.02,2,750,0.7142
0,sweep,0.02,2,800,0.6527
0,sweep,0.02,2,850,0.6211
0,sweep,0.02,2,900,0.6149
0,sweep,0.02,2,950,0.6947
0,sweep,0.02,2,1000,0.5934
0,sweep,0.02,2,1050,0.4964
0,sweep,0.02,2,1100,0.4463
0,sweep,0.02,2,1150,0.3597
0,sweep,0.02,2,1200,0.4170
0,sweep,0.02,2,1250,0.4105
0,sweep,0.02,2,1300,0.3796
0,sweep,0.02,2,1350,0.3213
0,sweep,0.02,2,1400,0.2129
0,sweep,0.02,2,1450,0.2370
0,sweep,0.02,2,1499,0.2992
0,sweep,0.02,4,0,0.9551
0,sweep,0.02,4,50,0.9570
0,sweep,0.02,4,100,0.9535
0,sweep,0.02,4,150,0.9544
0,sweep,0.02,4,200,0.9515
0,sweep,0.02,4,250,0.9447
0,sweep,0.02,4,300,0.9362
0,sweep,0.02,4,350,0.9365
0,sweep,0.02,4,400,0.9274
0,sweep,0.02,4,450,0.9128
0,sweep,0.02,4,500,0.8968
0,sweep,0.02,4,550,0.9014
0,sweep,0.02,4,600,0.8916
0,sweep,0.02,4,650,0.8473
0,sweep,0.02,4,700,0.7907
0,sweep,0.02,4,750,0.7926
0,sweep,0.02,4,800,0.7822
0,sweep,0.02,4,850,0.8193
0,sweep,0.02,4,900,0.7598
0,sweep,0.02,4,950,0.7611
0,sweep,0.02,4,1000,0.7057
0,sweep,0.02,4,1050,0.7562
0,sweep,0.02,4,1100,0.7357
0,sweep,0.02,4,1150,0.7197
0,sweep,0.02,4,1200,0.6491
0,sweep,0.02,4,1250,0.6279
0,sweep,0.02,4,1300,0.6429
0,sweep,0.02,4,1350,0.6162
0,sweep,0.02,4,1400,0.5951
0,sweep,0.02,4,1450,0.5645
0,sweep,0.02,4,1499,0.5531
0,sweep,0.02,8,0,0.9564
0,sweep,0.02,8,50,0.9577
0,sweep,0.02,8,100,0.9577
0,sweep,0.02,8,150,0.9541
0,sweep,0.02,8,200,0.9525
0,sweep,0.02,8,250,0.9499
0,sweep,0.02,8,300,0.9434
0,sweep,0.02,8,350,0.9326
0,sweep,0.02,8,400,0.9274
0,sweep,0.02,8,450,0.9186
0,sweep,0.02,8,500,0.9144
0,sweep,0.02,8,550,0.9001
0,sweep,0.02,8,600,0.8770
0,sweep,0.02,8,650,0.8854
0,sweep,0.02,8,700,0.8776
0,sweep,0.02,8,750,0.8734
0,sweep,0.02,8,800,0.8551
0,sweep,0.02,8,850,0.8532
0,sweep,0.02,8,900,0.8363
0,sweep,0.02,8,950,0.8180
0,sweep,0.02,8,1000,0.8197
0,sweep,0.02,8,1050,0.8076
0,sweep,0.02,8,1100,0.7796
0,sweep,0.02,8,1150,0.7689
0,sweep,0.02,8,1200,0.7692
0,sweep,0.02,8,1250,0.7627
0,sweep,0.02,8,1300,0.7327
0,sweep,0.02,8,1350,0.7292
0,sweep,0.02,8,1400,0.7080
0,sweep,0.02,8,1450,0.6898
0,sweep,0.02,8,1499,0.6872
0,sweep,0.04,0,0,0.9557
0,sweep,0.04,0,50,0.9508
0,sweep,0.04,0,100,0.9378
0,sweep,0.04,0,150,0.8812
0,sweep,0.04,0,200,0.6595
0,sweep,0.04,0,250,0.4847
0,sweep,0.04,0,300,0.3607
0,sweep,0.04,0,350,0.3092
0,sweep,0.04,0,400,0.2497
0,sweep,0.04,0,450,0.1755
0,sweep,0.04,0,500,0.1898
0,sweep,0.04,0,550,0.1745
0,sweep,0.04,0,600,0.0872
0,sweep,0.04,0,650,0.1061
0,sweep,0.04,0,700,0.1029
0,sweep,0.04,0,750,0.1068
0,sweep,0.04,0,800,0.1152
0,sweep,0.04,0,850,0.1211
0,sweep,0.04,0,900,0.0658
0,sweep,0.04,0,950,0.0537
0,sweep,0.04,0,1000,0.0648
0,sweep,0.04,0,1050,0.0641
0,sweep,0.04,0,1100,0.0599
0,sweep,0.04,0,1150,0.0830
0,sweep,0.04,0,1200,0.1214
0,sweep,0.04,0,1250,0.0931
0,sweep,0.04,0,1300,0.0898
0,sweep,0.04,0,1350,0.1048
0,sweep,0.04,0,1400,0.1019
0,sweep,0.04,0,1450,0.1048
0,sweep,0.04,0,1499,0.0843
0,sweep,0.04,1,0,0.9554
0,sweep,0.04,1,50,0.9355
0,sweep,0.04,1,100,0.9424
0,sweep,0.04,1,150,0.9111
0,sweep,0.04,1,200,0.8682
0,sweep,0.04,1,250,0.8008
0,sweep,0.04,1,300,0.5794
0,sweep,0.04,1,350,0.3509
0,sweep,0.04,1,400,0.3538
0,sweep,0.04,1,450,0.2334
0,sweep,0.04,1,500,0.2054
0,sweep,0.04,1,550,0.1110
0,sweep,0.04,1,600,0.1559
0,sweep,0.04,1,650,0.1283
0,sweep,0.04,1,700,0.1019
0,sweep,0.04,1,750,0.0990
0,sweep,0.04,1,800,0.0824
0,sweep,0.04,1,850,0.1042
0,sweep,0.04,1,900,0.1130
0,sweep,0.04,1,950,0.1283
0,sweep,0.04,1,1000,0.1068
0,sweep,0.04,1,1050,0.1055
0,sweep,0.04,1,1100,0.1224
0,sweep,0.04,1,1150,0.1152
0,sweep,0.04,1,1200,0.0944
0,sweep,0.04,1,1250,0.1068
0,sweep,0.04,1,1300,0.1175
0,sweep,0.04,1,1350,0.0814
0,sweep,0.04,1,1400,0.0710
0,sweep,0.04,1,1450,0.1214
0,sweep,0.04,1,1499,0.1156
0,sweep,0.04,2,0,0.9561
0,sweep,0.04,2,50,0.9508
0,sweep,0.04,2,100,0.9326
0,sweep,0.04,2,150,0.9287
0,sweep,0.04,2,200,0.9007
0,sweep,0.04,2,250,0.8770
0,sweep,0.04,2,300,0.6956
0,sweep,0.04,2,350,0.5824
0,sweep,0.04,2,400,0.5355
0,sweep,0.04,2,450,0.4899
0,sweep,0.04,2,500,0.3590
0,sweep,0.04,2,550,0.2633
0,sweep,0.04,2,600,0.1517
0,sweep,0.04,2,650,0.1182
0,sweep,0.04,2,700,0.1279
0,sweep,0.04,2,750,0.1748
0,sweep,0.04,2,800,0.1266
0,sweep,0.04,2,850,0.1104
0,sweep,0.04,2,900,0.0986
0,sweep,0.04,2,950,0.0999
0,sweep,0.04,2,1000,0.1292
0,sweep,0.04,2,1050,0.1543
0,sweep,0.04,2,1100,0.1693
0,sweep,0.04,2,1150,0.1289
0,sweep,0.04,2,1200,0.1097
0,sweep,0.04,2,1250,0.1250
0,sweep,0.04,2,1300,0.1634
0,sweep,0.04,2,1350,0.1217
0,sweep,0.04,2,1400,0.1133
0,sweep,0.04,2,1450,0.1133
0,sweep,0.04,2,1499,0.1133
0,sweep,0.04,4,0,0.9557
0,sweep,0.04,4,50,0.9512
0,sweep,0.04,4,100,0.9447
0,sweep,0.04,4,150,0.9333
0,sweep,0.04,4,200,0.9176
0,sweep,0.04,4,250,0.8809
0,sweep,0.04,4,300,0.8245
0,sweep,0.04,4,350,0.7617
0,sweep,0.04,4,400,0.6605
0,sweep,0.04,4,450,0.6283
0,sweep,0.04,4,500,0.3828
0,sweep,0.04,4,550,0.2487
0,sweep,0.04,4,600,0.3343
0,sweep,0.04,4,650,0.3551
0,sweep,0.04,4,700,0.2181
0,sweep,0.04,4,750,0.2249
0,sweep,0.04,4,800,0.2090
0,sweep,0.04,4,850,0.1439
0,sweep,0.04,4,900,0.1185
0,sweep,0.04,4,950,0.1514
0,sweep,0.04,4,1000,0.1572
0,sweep,0.04,4,1050,0.1061
0,sweep,0.04,4,1100,0.0951
0,sweep,0.04,4,1150,0.1068
0,sweep,0.04,4,1200,0.1077
0,sweep,0.04,4,1250,0.1038
0,sweep,0.04,4,1300,0.1104
0,sweep,0.04,4,1350,0.1045
0,sweep,0.04,4,1400,0.1527
0,sweep,0.04,4,1450,0.1139
0,sweep,0.04,4,1499,0.1133
0,sweep,0.04,8,0,0.9557
0,sweep,0.04,8,50,0.9525
0,sweep,0.04,8,100,0.9456
0,sweep,0.04,8,150,0.9365
0,sweep,0.04,8,200,0.9245
0,sweep,0.04,8,250,0.9066
0,sweep,0.04,8,300,0.8753
0,sweep,0.04,8,350,0.7946
0,sweep,0.04,8,400,0.7933
0,sweep,0.04,8,450,0.6943
0,sweep,0.04,8,500,0.6989
0,sweep,0.04,8,550,0.7113
0,sweep,0.04,8,600,0.6686
0,sweep,0.04,8,650,0.4912
0,sweep,0.04,8,700,0.5508
0,sweep,0.04,8,750,0.4561
0,sweep,0.04,8,800,0.5052
0,sweep,0.04,8,850,0.4176
0,sweep,0.04,8,900,0.3747
0,sweep,0.04,8,950,0.3926
0,sweep,0.04,8,1000,0.3649
0,sweep,0.04,8,1050,0.2673
0,sweep,0.04,8,1100,0.3867
0,sweep,0.04,8,1150,0.3389
0,sweep,0.04,8,1200,0.1696
0,sweep,0.04,8,1250,0.1133
0,sweep,0.04,8,1300,0.2008
0,sweep,0.04,8,1350,0.1790
0,sweep,0.04,8,1400,0.1475
0,sweep,0.04,8,1450,0.1546
0,sweep,0.04,8,1499,0.1774
0,sweep,0.08,0,0,0.9557
0,sweep,0.08,0,50,0.8743
0,sweep,0.08,0,100,0.4795
0,sweep,0.08,0,150,0.2786
0,sweep,0.08,0,200,0.1221
0,sweep,0.08,0,250,0.1214
0,sweep,0.08,0,300,0.1094
0,sweep,0.08,0,350,0.1042
0,sweep,0.08,0,400,0.0970
0,sweep,0.08,0,450,0.0986
0,sweep,0.08,0,500,0.0947
0,sweep,0.08,0,550,0.0986
0,sweep,0.08,0,600,0.0986
0,sweep,0.08,0,650,0.0785
0,sweep,0.08,0,700,0.0811
0,sweep,0.08,0,750,0.0951
0,sweep,0.08,0,800,0.1022
0,sweep,0.08,0,850,0.0902
0,sweep,0.08,0,900,0.1055
0,sweep,0.08,0,950,0.0999
0,sweep,0.08,0,1000,0.1562
0,sweep,0.08,0,1050,0.1058
0,sweep,0.08,0,1100,0.1133
0,sweep,0.08,0,1150,0.1019
0,sweep,0.08,0,1200,0.1185
0,sweep,0.08,0,1250,0.0622
0,sweep,0.08,0,1300,0.1182
0,sweep,0.08,0,1350,0.0710
0,sweep,0.08,0,1400,0.0921
0,sweep,0.08,0,1450,0.1025
0,sweep,0.08,0,1499,0.0944
0,sweep,0.08,1,0,0.9557
0,sweep,0.08,1,50,0.9248
0,sweep,0.08,1,100,0.6507
0,sweep,0.08,1,150,0.3428
0,sweep,0.08,1,200,0.1729
0,sweep,0.08,1,250,0.1803
0,sweep,0.08,1,300,0.1195
0,sweep,0.08,1,350,0.1152
0,sweep,0.08,1,400,0.1413
0,sweep,0.08,1,450,0.1221
0,sweep,0.08,1,500,0.0872
0,sweep,0.08,1,550,0.0944
0,sweep,0.08,1,600,0.0954
0,sweep,0.08,1,650,0.1566
0,sweep,0.08,1,700,0.1270
0,sweep,0.08,1,750,0.1100
0,sweep,0.08,1,800,0.0892
0,sweep,0.08,1,850,0.1341
0,sweep,0.08,1,900,0.1081
0,sweep,0.08,1,950,0.1221
0,sweep,0.08,1,1000,0.0902
0,sweep,0.08,1,1050,0.0964
0,sweep,0.08,1,1100,0.1315
0,sweep,0.08,1,1150,0.1497
0,sweep,0.08,1,1200,0.0990
0,sweep,0.08,1,1250,0.1185
0,sweep,0.08,1,1300,0.1019
0,sweep,0.08,1,1350,0.1335
0,sweep,0.08,1,1400,0.1481
0,sweep,0.08,1,1450,0.1123
0,sweep,0.08,1,1499,0.1097
0,sweep,0.08,2,0,0.9551
0,sweep,0.08,2,50,0.9043
0,sweep,0.08,2,100,0.7731
0,sweep,0.08,2,150,0.3952
0,sweep,0.08,2,200,0.1872
0,sweep,0.08,2,250,0.1162
0,sweep,0.08,2,300,0.1019
0,sweep,0.08,2,350,0.0928
0,sweep,0.08,2,400,0.0882
0,sweep,0.08,2,450,0.1133
0,sweep,0.08,2,500,0.1211
0,sweep,0.08,2,550,0.1048
0,sweep,0.08,2,600,0.1253
0,sweep,0.08,2,650,0.1344
0,sweep,0.08,2,700,0.1530
0,sweep,0.08,2,750,0.1419
0,sweep,0.08,2,800,0.0853
0,sweep,0.08,2,850,0.0970
0,sweep,0.08,2,900,0.0902
0,sweep,0.08,2,950,0.0986
0,sweep,0.08,2,1000,0.0990
0,sweep,0.08,2,1050,0.1156
0,sweep,0.08,2,1100,0.1071
0,sweep,0.08,2,1150,0.0990
0,sweep,0.08,2,1200,0.0944
0,sweep,0.08,2,1250,0.1032
0,sweep,0.08,2,1300,0.0957
0,sweep,0.08,2,1350,0.0986
0,sweep,0.08,2,1400,0.1104
0,sweep,0.08,2,1450,0.0908
0,sweep,0.08,2,1499,0.0941
0,sweep,0.08,4,0,0.9570
0,sweep,0.08,4,50,0.9196
0,sweep,0.08,4,100,0.7767
0,sweep,0.08,4,150,0.4544
0,sweep,0.08,4,200,0.2598
0,sweep,0.08,4,250,0.2389
0,sweep,0.08,4,300,0.2139
0,sweep,0.08,4,350,0.1833
0,sweep,0.08,4,400,0.1410
0,sweep,0.08,4,450,0.1003
0,sweep,0.08,4,500,0.1615
0,sweep,0.08,4,550,0.0732
0,sweep,0.08,4,600,0.1517
0,sweep,0.08,4,650,0.1488
0,sweep,0.08,4,700,0.1276
0,sweep,0.08,4,750,0.1322
0,sweep,0.08,4,800,0.1260
0,sweep,0.08,4,850,0.1423
0,sweep,0.08,4,900,0.0863
0,sweep,0.08,4,950,0.1100
0,sweep,0.08,4,1000,0.1051
0,sweep,0.08,4,1050,0.1094
0,sweep,0.08,4,1100,0.1403
0,sweep,0.08,4,1150,0.0895
0,sweep,0.08,4,1200,0.1019
0,sweep,0.08,4,1250,0.1038
0,sweep,0.08,4,1300,0.1309
0,sweep,0.08,4,1350,0.1546
0,sweep,0.08,4,1400,0.1133
0,sweep,0.08,4,1450,0.0843
0,sweep,0.08,4,1499,0.0898
0,sweep,0.08,8,0,0.9564
0,sweep,0.08,8,50,0.9434
0,sweep,0.08,8,100,0.8789
0,sweep,0.08,8,150,0.7376
0,sweep,0.08,8,200,0.5586
0,sweep,0.08,8,250,0.4144
0,sweep,0.08,8,300,0.1826
0,sweep,0.08,8,350,0.2227
0,sweep,0.08,8,400,0.1956
0,sweep,0.08,8,450,0.0993
0,sweep,0.08,8,500,0.1003
0,sweep,0.08,8,550,0.1598
0,sweep,0.08,8,600,0.2660
0,sweep,0.08,8,650,0.2041
0,sweep,0.08,8,700,0.1839
0,sweep,0.08,8,750,0.1660
0,sweep,0.08,8,800,0.1663
0,sweep,0.08,8,850,0.1921
0,sweep,0.08,8,900,0.1911
0,sweep,0.08,8,950,0.1377
0,sweep,0.08,8,1000,0.2256
0,sweep,0.08,8,1050,0.1094
0,sweep,0.08,8,1100,0.1064
0,sweep,0.08,8,1150,0.1426
0,sweep,0.08,8,1200,0.1257
0,sweep,0.08,8,1250,0.1214
0,sweep,0.08,8,1300,0.1270
0,sweep,0.08,8,1350,0.1156
0,sweep,0.08,8,1400,0.1133
0,sweep,0.08,8,1450,0.1693
0,sweep,0.08,8,1499,0.1758
0,sweep,0.16,0,0,0.9538
0,sweep,0.16,0,50,0.1992
0,sweep,0.16,0,100,0.1410
0,sweep,0.16,0,150,0.0820
0,sweep,0.16,0,200,0.1009
0,sweep,0.16,0,250,0.0908
0,sweep,0.16,0,300,0.0618
0,sweep,0.16,0,350,0.1260
0,sweep,0.16,0,400,0.1019
0,sweep,0.16,0,450,0.0609
0,sweep,0.16,0,500,0.0706
0,sweep,0.16,0,550,0.0938
0,sweep,0.16,0,600,0.1055
0,sweep,0.16,0,650,0.0967
0,sweep,0.16,0,700,0.0918
0,sweep,0.16,0,750,0.1156
0,sweep,0.16,0,800,0.0791
0,sweep,0.16,0,850,0.0335
0,sweep,0.16,0,900,0.0589
0,sweep,0.16,0,950,0.1077
0,sweep,0.16,0,1000,0.0990
0,sweep,0.16,0,1050,0.1351
0,sweep,0.16,0,1100,0.0924
0,sweep,0.16,0,1150,0.1582
0,sweep,0.16,0,1200,0.1016
0,sweep,0.16,0,1250,0.0811
0,sweep,0.16,0,1300,0.1175
0,sweep,0.16,0,1350,0.0928
0,sweep,0.16,0,1400,0.1071
0,sweep,0.16,0,1450,0.0863
0,sweep,0.16,0,1499,0.1452
0,sweep,0.16,1,0,0.9535
0,sweep,0.16,1,50,0.3467
0,sweep,0.16,1,100,0.1074
0,sweep,0.16,1,150,0.1104
0,sweep,0.16,1,200,0.1416
0,sweep,0.16,1,250,0.1191
0,sweep,0.16,1,300,0.0951
0,sweep,0.16,1,350,0.0999
0,sweep,0.16,1,400,0.1270
0,sweep,0.16,1,450,0.1449
0,sweep,0.16,1,500,0.1325
0,sweep,0.16,1,550,0.1452
0,sweep,0.16,1,600,0.1771
0,sweep,0.16,1,650,0.2380
0,sweep,0.16,1,700,0.2311
0,sweep,0.16,1,750,0.2337
0,sweep,0.16,1,800,0.2201
0,sweep,0.16,1,850,0.3229
0,sweep,0.16,1,900,0.3428
0,sweep,0.16,1,950,0.3473
0,sweep,0.16,1,1000,0.4072
0,sweep,0.16,1,1050,0.4274
0,sweep,0.16,1,1100,0.4020
0,sweep,0.16,1,1150,0.4453
0,sweep,0.16,1,1200,0.4811
0,sweep,0.16,1,1250,0.5075
0,sweep,0.16,1,1300,0.5469
0,sweep,0.16,1,1350,0.5508
0,sweep,0.16,1,1400,0.5238
0,sweep,0.16,1,1450,0.5247
0,sweep,0.16,1,1499,0.5902
0,sweep,0.16,2,0,0.9557
0,sweep,0.16,2,50,0.2266
0,sweep,0.16,2,100,0.1276
0,sweep,0.16,2,150,0.1986
0,sweep,0.16,2,200,0.1270
0,sweep,0.16,2,250,0.1266
0,sweep,0.16,2,300,0.0993
0,sweep,0.16,2,350,0.1292
0,sweep,0.16,2,400,0.1930
0,sweep,0.16,2,450,0.1351
0,sweep,0.16,2,500,0.2044
0,sweep,0.16,2,550,0.2253
0,sweep,0.16,2,600,0.2578
0,sweep,0.16,2,650,0.2523
0,sweep,0.16,2,700,0.2689
0,sweep,0.16,2,750,0.3304
0,sweep,0.16,2,800,0.3167
0,sweep,0.16,2,850,0.3883
0,sweep,0.16,2,900,0.4505
0,sweep,0.16,2,950,0.4255
0,sweep,0.16,2,1000,0.4746
0,sweep,0.16,2,1050,0.4245
0,sweep,0.16,2,1100,0.5228
0,sweep,0.16,2,1150,0.5794
0,sweep,0.16,2,1200,0.5814
0,sweep,0.16,2,1250,0.6149
0,sweep,0.16,2,1300,0.5553
0,sweep,0.16,2,1350,0.6198
0,sweep,0.16,2,1400,0.5579
0,sweep,0.16,2,1450,0.6680
0,sweep,0.16,2,1499,0.6009
0,sweep,0.16,4,0,0.9535
0,sweep,0.16,4,50,0.4805
0,sweep,0.16,4,100,0.1540
0,sweep,0.16,4,150,0.1074
0,sweep,0.16,4,200,0.1712
0,sweep,0.16,4,250,0.1299
0,sweep,0.16,4,300,0.1527
0,sweep,0.16,4,350,0.2012
0,sweep,0.16,4,400,0.2266
0,sweep,0.16,4,450,0.2389
0,sweep,0.16,4,500,0.2500
0,sweep,0.16,4,550,0.3561
0,sweep,0.16,4,600,0.3656
0,sweep,0.16,4,650,0.3678
0,sweep,0.16,4,700,0.5085
0,sweep,0.16,4,750,0.4538
0,sweep,0.16,4,800,0.5010
0,sweep,0.16,4,850,0.5277
0,sweep,0.16,4,900,0.5267
0,sweep,0.16,4,950,0.5114
0,sweep,0.16,4,1000,0.5824
0,sweep,0.16,4,1050,0.6283
0,sweep,0.16,4,1100,0.6260
0,sweep,0.16,4,1150,0.6517
0,sweep,0.16,4,1200,0.6702
0,sweep,0.16,4,1250,0.6650
0,sweep,0.16,4,1300,0.6911
0,sweep,0.16,4,1350,0.6341
0,sweep,0.16,4,1400,0.7220
0,sweep,0.16,4,1450,0.7087
0,sweep,0.16,4,1499,0.6484
0,sweep,0.16,8,0,0.9561
0,sweep,0.16,8,50,0.5791
0,sweep,0.16,8,100,0.2165
0,sweep,0.16,8,150,0.2074
0,sweep,0.16,8,200,0.2230
0,sweep,0.16,8,250,0.2044
0,sweep,0.16,8,300,0.2803
0,sweep,0.16,8,350,0.2562
0,sweep,0.16,8,400,0.2982
0,sweep,0.16,8,450,0.3363
0,sweep,0.16,8,500,0.3613
0,sweep,0.16,8,550,0.4756
0,sweep,0.16,8,600,0.3864
0,sweep,0.16,8,650,0.5436
0,sweep,0.16,8,700,0.5316
0,sweep,0.16,8,750,0.5426
0,sweep,0.16,8,800,0.5430
0,sweep,0.16,8,850,0.6126
0,sweep,0.16,8,900,0.6240
0,sweep,0.16,8,950,0.6663
0,sweep,0.16,8,1000,0.6611
0,sweep,0.16,8,1050,0.6895
0,sweep,0.16,8,1100,0.7025
0,sweep,0.16,8,1150,0.7126
0,sweep,0.16,8,1200,0.7350
0,sweep,0.16,8,1250,0.7725
0,sweep,0.16,8,1300,0.6901
0,sweep,0.16,8,1350,0.7617
0,sweep,0.16,8,1400,0.7633
0,sweep,0.16,8,1450,0.7191
0,sweep,0.16,8,1499,0.7809
0,prelude,0.02,4,0,0.9554
0,prelude,0.02,4,50,0.9577
0,prelude,0.02,4,100,0.9603
0,prelude,0.02,4,150,0.9570
0,prelude,0.02,4,200,0.9561
0,prelude,0.02,4,250,0.9505
0,prelude,0.02,4,300,0.9430
0,prelude,0.02,4,350,0.9349
0,prelude,0.02,4,400,0.9277
0,prelude,0.02,4,450,0.9111
0,prelude,0.02,4,500,0.9092
0,prelude,0.02,4,550,0.8955
0,prelude,0.02,4,600,0.8698
0,prelude,0.02,4,650,0.8532
0,prelude,0.02,4,700,0.8571
0,prelude,0.02,4,750,0.8398
0,prelude,0.02,4,800,0.7949
0,prelude,0.02,4,850,0.7786
0,prelude,0.02,4,900,0.7718
0,prelude,0.02,4,950,0.7077
0,prelude,0.02,4,1000,0.7350
0,prelude,0.02,4,1050,0.7126
0,prelude,0.02,4,1100,0.7067
0,prelude,0.02,4,1150,0.7074
0,prelude,0.02,4,1200,0.6657
0,prelude,0.02,4,1250,0.6387
0,prelude,0.02,4,1300,0.5931
0,prelude,0.02,4,1350,0.5358
0,prelude,0.02,4,1400,0.5645
0,prelude,0.02,4,1450,0.6172
0,prelude,0.02,4,1499,0.5384
0,starve,0.02,0,0,0.5413
0,starve,0.02,0,2,0.5449
0,starve,0.02,0,4,0.5514
0,starve,0.02,0,6,0.5550
0,starve,0.02,0,8,0.5420
0,starve,0.02,0,10,0.5332
0,starve,0.02,0,12,0.5215
0,starve,0.02,0,14,0.4935
0,starve,0.02,0,16,0.4736
0,starve,0.02,0,18,0.4880
0,starve,0.02,0,20,0.4557
0,starve,0.02,0,22,0.4935
0,starve,0.02,0,24,0.5065
0,recover,0.02,4,0,0.5085
0,recover,0.02,4,50,0.4827
0,recover,0.02,4,100,0.4818
0,recover,0.02,4,150,0.3695
0,recover,0.02,4,200,0.3792
0,recover,0.02,4,250,0.4160
0,recover,0.02,4,300,0.3763
0,recover,0.02,4,350,0.3727
0,recover,0.02,4,400,0.2702
0,recover,0.02,4,450,0.2129
0,recover,0.02,4,500,0.1608
0,recover,0.02,4,550,0.2041
0,recover,0.02,4,600,0.1110
0,recover,0.02,4,650,0.2744
0,recover,0.02,4,700,0.1888
0,recover,0.02,4,750,0.1683
0,recover,0.02,4,800,0.1797
0,recover,0.02,4,850,0.1439
0,recover,0.02,4,900,0.1956
0,recover,0.02,4,950,0.1133
0,recover,0.02,4,1000,0.1133
0,recover,0.02,4,1050,0.1133
0,recover,0.02,4,1100,0.1133
0,recover,0.02,4,1150,0.1149
0,recover,0.02,4,1200,0.1022
0,recover,0.02,4,1250,0.1022
0,recover,0.02,4,1300,0.1022
0,recover,0.02,4,1350,0.1022
0,recover,0.02,4,1400,0.1022
0,recover,0.02,4,1450,0.1133
0,recover,0.02,4,1499,0.1133
0,recovery_summary,0.02,4,25,0.5488|0.1133
0,starve,0.02,0,0,0.5576
0,starve,0.02,0,5,0.5381
0,starve,0.02,0,10,0.5404
0,starve,0.02,0,15,0.5273
0,starve,0.02,0,20,0.5521
0,starve,0.02,0,25,0.5225
0,starve,0.02,0,30,0.4574
0,starve,0.02,0,35,0.4460
0,starve,0.02,0,40,0.4023
0,starve,0.02,0,45,0.3737
0,starve,0.02,0,49,0.3630
0,recover,0.02,4,0,0.3698
0,recover,0.02,4,50,0.3210
0,recover,0.02,4,100,0.3398
0,recover,0.02,4,150,0.2900
0,recover,0.02,4,200,0.3392
0,recover,0.02,4,250,0.2220
0,recover,0.02,4,300,0.2643
0,recover,0.02,4,350,0.3444
0,recover,0.02,4,400,0.3493
0,recover,0.02,4,450,0.3307
0,recover,0.02,4,500,0.2253
0,recover,0.02,4,550,0.2484
0,recover,0.02,4,600,0.2096
0,recover,0.02,4,650,0.1868
0,recover,0.02,4,700,0.1074
0,recover,0.02,4,750,0.1045
0,recover,0.02,4,800,0.1045
0,recover,0.02,4,850,0.1045
0,recover,0.02,4,900,0.1045
0,recover,0.02,4,950,0.1045
0,recover,0.02,4,1000,0.2005
0,recover,0.02,4,1050,0.1266
0,recover,0.02,4,1100,0.1133
0,recover,0.02,4,1150,0.1133
0,recover,0.02,4,1200,0.1133
0,recover,0.02,4,1250,0.1133
0,recover,0.02,4,1300,0.1022
0,recover,0.02,4,1350,0.1022
0,recover,0.02,4,1400,0.1022
0,recover,0.02,4,1450,0.1022
0,recover,0.02,4,1499,0.1022
0,recovery_summary,0.02,4,50,0.3794|0.1022
0,starve,0.02,0,0,0.5345
0,starve,0.02,0,10,0.4531
0,starve,0.02,0,20,0.4551
0,starve,0.02,0,30,0.4102
0,starve,0.02,0,40,0.3708
0,starve,0.02,0,50,0.3584
0,starve,0.02,0,60,0.3822
0,starve,0.02,0,70,0.4023
0,starve,0.02,0,80,0.4326
0,starve,0.02,0,90,0.4460
0,starve,0.02,0,99,0.4268
0,recover,0.02,4,0,0.4411
0,recover,0.02,4,50,0.4124
0,recover,0.02,4,100,0.3981
0,recover,0.02,4,150,0.2760
0,recover,0.02,4,200,0.3210
0,recover,0.02,4,250,0.2126
0,recover,0.02,4,300,0.2523
0,recover,0.02,4,350,0.2148
0,recover,0.02,4,400,0.1585
0,recover,0.02,4,450,0.1230
0,recover,0.02,4,500,0.1130
0,recover,0.02,4,550,0.1143
0,recover,0.02,4,600,0.1592
0,recover,0.02,4,650,0.1885
0,recover,0.02,4,700,0.2415
0,recover,0.02,4,750,0.1810
0,recover,0.02,4,800,0.1022
0,recover,0.02,4,850,0.1022
0,recover,0.02,4,900,0.1022
0,recover,0.02,4,950,0.1022
0,recover,0.02,4,1000,0.1035
0,recover,0.02,4,1050,0.1022
0,recover,0.02,4,1100,0.1022
0,recover,0.02,4,1150,0.1022
0,recover,0.02,4,1200,0.1022
0,recover,0.02,4,1250,0.1022
0,recover,0.02,4,1300,0.1022
0,recover,0.02,4,1350,0.1133
0,recover,0.02,4,1400,0.1133
0,recover,0.02,4,1450,0.1133
0,recover,0.02,4,1499,0.1133
0,recovery_summary,0.02,4,100,0.4579|0.1133
0,starve,0.02,0,0,0.5368
0,starve,0.02,0,20,0.5938
0,starve,0.02,0,40,0.5889
0,starve,0.02,0,60,0.5592
0,starve,0.02,0,80,0.4821
0,starve,0.02,0,100,0.3932
0,starve,0.02,0,120,0.3734
0,starve,0.02,0,140,0.2790
0,starve,0.02,0,160,0.2497
0,starve,0.02,0,180,0.1663
0,starve,0.02,0,199,0.1390
0,recover,0.02,4,0,0.1426
0,recover,0.02,4,50,0.1930
0,recover,0.02,4,100,0.1813
0,recover,0.02,4,150,0.2148
0,recover,0.02,4,200,0.1862
0,recover,0.02,4,250,0.1927
0,recover,0.02,4,300,0.1761
0,recover,0.02,4,350,0.2044
0,recover,0.02,4,400,0.1143
0,recover,0.02,4,450,0.1133
0,recover,0.02,4,500,0.1133
0,recover,0.02,4,550,0.1133
0,recover,0.02,4,600,0.1133
0,recover,0.02,4,650,0.1133
0,recover,0.02,4,700,0.1133
0,recover,0.02,4,750,0.1133
0,recover,0.02,4,800,0.1133
0,recover,0.02,4,850,0.1133
0,recover,0.02,4,900,0.1133
0,recover,0.02,4,950,0.1133
0,recover,0.02,4,1000,0.1133
0,recover,0.02,4,1050,0.1133
0,recover,0.02,4,1100,0.1133
0,recover,0.02,4,1150,0.1133
0,recover,0.02,4,1200,0.1133
0,recover,0.02,4,1250,0.1133
0,recover,0.02,4,1300,0.1133
0,recover,0.02,4,1350,0.0905
0,recover,0.02,4,1400,0.0905
0,recover,0.02,4,1450,0.0905
0,recover,0.02,4,1499,0.0905
0,recovery_summary,0.02,4,200,0.1337|0.0905
0,starve,0.02,0,0,0.5312
0,starve,0.02,0,40,0.5462
0,starve,0.02,0,80,0.5495
0,starve,0.02,0,120,0.4072
0,starve,0.02,0,160,0.4027
0,starve,0.02,0,200,0.3590
0,starve,0.02,0,240,0.3301
0,starve,0.02,0,280,0.2360
0,starve,0.02,0,320,0.1846
0,starve,0.02,0,360,0.1058
0,starve,0.02,0,399,0.0996
0,recover,0.02,4,0,0.0993
0,recover,0.02,4,50,0.0967
0,recover,0.02,4,100,0.1152
0,recover,0.02,4,150,0.1940
0,recover,0.02,4,200,0.1292
0,recover,0.02,4,250,0.1133
0,recover,0.02,4,300,0.1133
0,recover,0.02,4,350,0.1133
0,recover,0.02,4,400,0.1133
0,recover,0.02,4,450,0.1133
0,recover,0.02,4,500,0.1133
0,recover,0.02,4,550,0.0990
0,recover,0.02,4,600,0.1146
0,recover,0.02,4,650,0.1133
0,recover,0.02,4,700,0.1133
0,recover,0.02,4,750,0.1133
0,recover,0.02,4,800,0.1133
0,recover,0.02,4,850,0.1133
0,recover,0.02,4,900,0.1133
0,recover,0.02,4,950,0.1133
0,recover,0.02,4,1000,0.1413
0,recover,0.02,4,1050,0.1022
0,recover,0.02,4,1100,0.1133
0,recover,0.02,4,1150,0.1022
0,recover,0.02,4,1200,0.1022
0,recover,0.02,4,1250,0.1133
0,recover,0.02,4,1300,0.1133
0,recover,0.02,4,1350,0.1022
0,recover,0.02,4,1400,0.1022
0,recover,0.02,4,1450,0.1133
0,recover,0.02,4,1499,0.1133
0,recovery_summary,0.02,4,400,0.1047|0.1133
0,starve,0.02,0,0,0.5270
0,starve,0.02,0,80,0.3571
0,starve,0.02,0,160,0.2718
0,starve,0.02,0,240,0.2539
0,starve,0.02,0,320,0.1820
0,starve,0.02,0,400,0.1898
0,starve,0.02,0,480,0.1846
0,starve,0.02,0,560,0.1777
0,starve,0.02,0,640,0.0918
0,starve,0.02,0,720,0.0918
0,starve,0.02,0,799,0.0918
0,recover,0.02,4,0,0.0918
0,recover,0.02,4,50,0.0918
0,recover,0.02,4,100,0.0918
0,recover,0.02,4,150,0.0918
0,recover,0.02,4,200,0.0918
0,recover,0.02,4,250,0.0918
0,recover,0.02,4,300,0.0918
0,recover,0.02,4,350,0.0918
0,recover,0.02,4,400,0.0918
0,recover,0.02,4,450,0.0918
0,recover,0.02,4,500,0.0918
0,recover,0.02,4,550,0.0918
0,recover,0.02,4,600,0.0918
0,recover,0.02,4,650,0.0918
0,recover,0.02,4,700,0.0918
0,recover,0.02,4,750,0.0918
0,recover,0.02,4,800,0.1042
0,recover,0.02,4,850,0.1042
0,recover,0.02,4,900,0.1042
0,recover,0.02,4,950,0.1042
0,recover,0.02,4,1000,0.1133
0,recover,0.02,4,1050,0.1133
0,recover,0.02,4,1100,0.1133
0,recover,0.02,4,1150,0.1133
0,recover,0.02,4,1200,0.1133
0,recover,0.02,4,1250,0.1133
0,recover,0.02,4,1300,0.1133
0,recover,0.02,4,1350,0.1133
0,recover,0.02,4,1400,0.1133
0,recover,0.02,4,1450,0.1133
0,recover,0.02,4,1499,0.1133
0,recovery_summary,0.02,4,800,0.0958|0.1133
0,starve,0.02,0,0,0.5439
0,starve,0.02,0,160,0.3115
0,starve,0.02,0,320,0.3597
0,starve,0.02,0,480,0.1491
0,starve,0.02,0,640,0.1416
0,starve,0.02,0,800,0.1683
0,starve,0.02,0,960,0.1058
0,starve,0.02,0,1120,0.0999
0,starve,0.02,0,1280,0.1032
0,starve,0.02,0,1440,0.1042
0,starve,0.02,0,1599,0.1042
0,recover,0.02,4,0,0.1042
0,recover,0.02,4,50,0.1042
0,recover,0.02,4,100,0.1709
0,recover,0.02,4,150,0.1042
0,recover,0.02,4,200,0.1042
0,recover,0.02,4,250,0.1572
0,recover,0.02,4,300,0.1133
0,recover,0.02,4,350,0.1048
0,recover,0.02,4,400,0.1025
0,recover,0.02,4,450,0.1022
0,recover,0.02,4,500,0.1022
0,recover,0.02,4,550,0.1022
0,recover,0.02,4,600,0.1133
0,recover,0.02,4,650,0.1022
0,recover,0.02,4,700,0.1022
0,recover,0.02,4,750,0.1022
0,recover,0.02,4,800,0.1022
0,recover,0.02,4,850,0.1022
0,recover,0.02,4,900,0.1022
0,recover,0.02,4,950,0.1022
0,recover,0.02,4,1000,0.1133
0,recover,0.02,4,1050,0.1133
0,recover,0.02,4,1100,0.1133
0,recover,0.02,4,1150,0.1133
0,recover,0.02,4,1200,0.1133
0,recover,0.02,4,1250,0.1133
0,recover,0.02,4,1300,0.1133
0,recover,0.02,4,1350,0.1133
0,recover,0.02,4,1400,0.1133
0,recover,0.02,4,1450,0.1133
0,recover,0.02,4,1499,0.1133
0,recovery_summary,0.02,4,1600,0.1010|0.1133
1,sweep,0.002,0,0,0.9557
1,sweep,0.002,0,50,0.9541
1,sweep,0.002,0,100,0.9531
1,sweep,0.002,0,150,0.9554
1,sweep,0.002,0,200,0.9528
1,sweep,0.002,0,250,0.9515
1,sweep,0.002,0,300,0.9531
1,sweep,0.002,0,350,0.9508
1,sweep,0.002,0,400,0.9489
1,sweep,0.002,0,450,0.9495
1,sweep,0.002,0,500,0.9482
1,sweep,0.002,0,550,0.9479
1,sweep,0.002,0,600,0.9473
1,sweep,0.002,0,650,0.9469
1,sweep,0.002,0,700,0.9473
1,sweep,0.002,0,750,0.9466
1,sweep,0.002,0,800,0.9495
1,sweep,0.002,0,850,0.9482
1,sweep,0.002,0,900,0.9456
1,sweep,0.002,0,950,0.9408
1,sweep,0.002,0,1000,0.9421
1,sweep,0.002,0,1050,0.9417
1,sweep,0.002,0,1100,0.9440
1,sweep,0.002,0,1150,0.9388
1,sweep,0.002,0,1200,0.9333
1,sweep,0.002,0,1250,0.9310
1,sweep,0.002,0,1300,0.9290
1,sweep,0.002,0,1350,0.9215
1,sweep,0.002,0,1400,0.9255
1,sweep,0.002,0,1450,0.9245
1,sweep,0.002,0,1499,0.9215
1,sweep,0.002,1,0,0.9561
1,sweep,0.002,1,50,0.9554
1,sweep,0.002,1,100,0.9561
1,sweep,0.002,1,150,0.9574
1,sweep,0.002,1,200,0.9564
1,sweep,0.002,1,250,0.9574
1,sweep,0.002,1,300,0.9580
1,sweep,0.002,1,350,0.9570
1,sweep,0.002,1,400,0.9587
1,sweep,0.002,1,450,0.9583
1,sweep,0.002,1,500,0.9574
1,sweep,0.002,1,550,0.9574
1,sweep,0.002,1,600,0.9580
1,sweep,0.002,1,650,0.9577
1,sweep,0.002,1,700,0.9593
1,sweep,0.002,1,750,0.9570
1,sweep,0.002,1,800,0.9564
1,sweep,0.002,1,850,0.9561
1,sweep,0.002,1,900,0.9551
1,sweep,0.002,1,950,0.9567
1,sweep,0.002,1,1000,0.9541
1,sweep,0.002,1,1050,0.9551
1,sweep,0.002,1,1100,0.9544
1,sweep,0.002,1,1150,0.9583
1,sweep,0.002,1,1200,0.9587
1,sweep,0.002,1,1250,0.9580
1,sweep,0.002,1,1300,0.9583
1,sweep,0.002,1,1350,0.9561
1,sweep,0.002,1,1400,0.9554
1,sweep,0.002,1,1450,0.9531
1,sweep,0.002,1,1499,0.9528
1,sweep,0.002,2,0,0.9557
1,sweep,0.002,2,50,0.9580
1,sweep,0.002,2,100,0.9580
1,sweep,0.002,2,150,0.9587
1,sweep,0.002,2,200,0.9593
1,sweep,0.002,2,250,0.9587
1,sweep,0.002,2,300,0.9587
1,sweep,0.002,2,350,0.9587
1,sweep,0.002,2,400,0.9593
1,sweep,0.002,2,450,0.9596
1,sweep,0.002,2,500,0.9593
1,sweep,0.002,2,550,0.9593
1,sweep,0.002,2,600,0.9603
1,sweep,0.002,2,650,0.9603
1,sweep,0.002,2,700,0.9577
1,sweep,0.002,2,750,0.9580
1,sweep,0.002,2,800,0.9574
1,sweep,0.002,2,850,0.9587
1,sweep,0.002,2,900,0.9580
1,sweep,0.002,2,950,0.9577
1,sweep,0.002,2,1000,0.9580
1,sweep,0.002,2,1050,0.9583
1,sweep,0.002,2,1100,0.9577
1,sweep,0.002,2,1150,0.9564
1,sweep,0.002,2,1200,0.9567
1,sweep,0.002,2,1250,0.9551
1,sweep,0.002,2,1300,0.9557
1,sweep,0.002,2,1350,0.9561
1,sweep,0.002,2,1400,0.9554
1,sweep,0.002,2,1450,0.9561
1,sweep,0.002,2,1499,0.9577
1,sweep,0.002,4,0,0.9557
1,sweep,0.002,4,50,0.9567
1,sweep,0.002,4,100,0.9590
1,sweep,0.002,4,150,0.9606
1,sweep,0.002,4,200,0.9606
1,sweep,0.002,4,250,0.9606
1,sweep,0.002,4,300,0.9613
1,sweep,0.002,4,350,0.9613
1,sweep,0.002,4,400,0.9596
1,sweep,0.002,4,450,0.9600
1,sweep,0.002,4,500,0.9596
1,sweep,0.002,4,550,0.9596
1,sweep,0.002,4,600,0.9587
1,sweep,0.002,4,650,0.9583
1,sweep,0.002,4,700,0.9590
1,sweep,0.002,4,750,0.9596
1,sweep,0.002,4,800,0.9596
1,sweep,0.002,4,850,0.9577
1,sweep,0.002,4,900,0.9577
1,sweep,0.002,4,950,0.9593
1,sweep,0.002,4,1000,0.9580
1,sweep,0.002,4,1050,0.9574
1,sweep,0.002,4,1100,0.9567
1,sweep,0.002,4,1150,0.9587
1,sweep,0.002,4,1200,0.9580
1,sweep,0.002,4,1250,0.9574
1,sweep,0.002,4,1300,0.9583
1,sweep,0.002,4,1350,0.9583
1,sweep,0.002,4,1400,0.9574
1,sweep,0.002,4,1450,0.9574
1,sweep,0.002,4,1499,0.9570
1,sweep,0.002,8,0,0.9557
1,sweep,0.002,8,50,0.9577
1,sweep,0.002,8,100,0.9577
1,sweep,0.002,8,150,0.9603
1,sweep,0.002,8,200,0.9606
1,sweep,0.002,8,250,0.9609
1,sweep,0.002,8,300,0.9603
1,sweep,0.002,8,350,0.9596
1,sweep,0.002,8,400,0.9613
1,sweep,0.002,8,450,0.9593
1,sweep,0.002,8,500,0.9613
1,sweep,0.002,8,550,0.9603
1,sweep,0.002,8,600,0.9606
1,sweep,0.002,8,650,0.9626
1,sweep,0.002,8,700,0.9616
1,sweep,0.002,8,750,0.9613
1,sweep,0.002,8,800,0.9622
1,sweep,0.002,8,850,0.9622
1,sweep,0.002,8,900,0.9616
1,sweep,0.002,8,950,0.9616
1,sweep,0.002,8,1000,0.9616
1,sweep,0.002,8,1050,0.9622
1,sweep,0.002,8,1100,0.9606
1,sweep,0.002,8,1150,0.9606
1,sweep,0.002,8,1200,0.9583
1,sweep,0.002,8,1250,0.9593
1,sweep,0.002,8,1300,0.9590
1,sweep,0.002,8,1350,0.9596
1,sweep,0.002,8,1400,0.9596
1,sweep,0.002,8,1450,0.9583
1,sweep,0.002,8,1499,0.9590
1,sweep,0.005,0,0,0.9554
1,sweep,0.005,0,50,0.9567
1,sweep,0.005,0,100,0.9564
1,sweep,0.005,0,150,0.9564
1,sweep,0.005,0,200,0.9587
1,sweep,0.005,0,250,0.9590
1,sweep,0.005,0,300,0.9577
1,sweep,0.005,0,350,0.9535
1,sweep,0.005,0,400,0.9535
1,sweep,0.005,0,450,0.9518
1,sweep,0.005,0,500,0.9421
1,sweep,0.005,0,550,0.9434
1,sweep,0.005,0,600,0.9385
1,sweep,0.005,0,650,0.9401
1,sweep,0.005,0,700,0.9395
1,sweep,0.005,0,750,0.9398
1,sweep,0.005,0,800,0.9404
1,sweep,0.005,0,850,0.9398
1,sweep,0.005,0,900,0.9336
1,sweep,0.005,0,950,0.9268
1,sweep,0.005,0,1000,0.9248
1,sweep,0.005,0,1050,0.9242
1,sweep,0.005,0,1100,0.9268
1,sweep,0.005,0,1150,0.9248
1,sweep,0.005,0,1200,0.9189
1,sweep,0.005,0,1250,0.9180
1,sweep,0.005,0,1300,0.9098
1,sweep,0.005,0,1350,0.9160
1,sweep,0.005,0,1400,0.9049
1,sweep,0.005,0,1450,0.9098
1,sweep,0.005,0,1499,0.8994
1,sweep,0.005,1,0,0.9557
1,sweep,0.005,1,50,0.9570
1,sweep,0.005,1,100,0.9541
1,sweep,0.005,1,150,0.9557
1,sweep,0.005,1,200,0.9548
1,sweep,0.005,1,250,0.9554
1,sweep,0.005,1,300,0.9557
1,sweep,0.005,1,350,0.9554
1,sweep,0.005,1,400,0.9567
1,sweep,0.005,1,450,0.9567
1,sweep,0.005,1,500,0.9564
1,sweep,0.005,1,550,0.9580
1,sweep,0.005,1,600,0.9577
1,sweep,0.005,1,650,0.9570
1,sweep,0.005,1,700,0.9567
1,sweep,0.005,1,750,0.9561
1,sweep,0.005,1,800,0.9557
1,sweep,0.005,1,850,0.9551
1,sweep,0.005,1,900,0.9535
1,sweep,0.005,1,950,0.9495
1,sweep,0.005,1,1000,0.9515
1,sweep,0.005,1,1050,0.9482
1,sweep,0.005,1,1100,0.9463
1,sweep,0.005,1,1150,0.9456
1,sweep,0.005,1,1200,0.9486
1,sweep,0.005,1,1250,0.9469
1,sweep,0.005,1,1300,0.9453
1,sweep,0.005,1,1350,0.9417
1,sweep,0.005,1,1400,0.9411
1,sweep,0.005,1,1450,0.9368
1,sweep,0.005,1,1499,0.9323
1,sweep,0.005,2,0,0.9557
1,sweep,0.005,2,50,0.9577
1,sweep,0.005,2,100,0.9580
1,sweep,0.005,2,150,0.9603
1,sweep,0.005,2,200,0.9596
1,sweep,0.005,2,250,0.9593
1,sweep,0.005,2,300,0.9600
1,sweep,0.005,2,350,0.9606
1,sweep,0.005,2,400,0.9603
1,sweep,0.005,2,450,0.9609
1,sweep,0.005,2,500,0.9590
1,sweep,0.005,2,550,0.9590
1,sweep,0.005,2,600,0.9583
1,sweep,0.005,2,650,0.9544
1,sweep,0.005,2,700,0.9554
1,sweep,0.005,2,750,0.9535
1,sweep,0.005,2,800,0.9518
1,sweep,0.005,2,850,0.9492
1,sweep,0.005,2,900,0.9528
1,sweep,0.005,2,950,0.9518
1,sweep,0.005,2,1000,0.9499
1,sweep,0.005,2,1050,0.9499
1,sweep,0.005,2,1100,0.9492
1,sweep,0.005,2,1150,0.9482
1,sweep,0.005,2,1200,0.9466
1,sweep,0.005,2,1250,0.9453
1,sweep,0.005,2,1300,0.9437
1,sweep,0.005,2,1350,0.9424
1,sweep,0.005,2,1400,0.9430
1,sweep,0.005,2,1450,0.9398
1,sweep,0.005,2,1499,0.9382
1,sweep,0.005,4,0,0.9557
1,sweep,0.005,4,50,0.9590
1,sweep,0.005,4,100,0.9583
1,sweep,0.005,4,150,0.9603
1,sweep,0.005,4,200,0.9577
1,sweep,0.005,4,250,0.9580
1,sweep,0.005,4,300,0.9583
1,sweep,0.005,4,350,0.9561
1,sweep,0.005,4,400,0.9574
1,sweep,0.005,4,450,0.9564
1,sweep,0.005,4,500,0.9570
1,sweep,0.005,4,550,0.9548
1,sweep,0.005,4,600,0.9548
1,sweep,0.005,4,650,0.9544
1,sweep,0.005,4,700,0.9554
1,sweep,0.005,4,750,0.9548
1,sweep,0.005,4,800,0.9561
1,sweep,0.005,4,850,0.9554
1,sweep,0.005,4,900,0.9548
1,sweep,0.005,4,950,0.9518
1,sweep,0.005,4,1000,0.9508
1,sweep,0.005,4,1050,0.9512
1,sweep,0.005,4,1100,0.9495
1,sweep,0.005,4,1150,0.9473
1,sweep,0.005,4,1200,0.9473
1,sweep,0.005,4,1250,0.9453
1,sweep,0.005,4,1300,0.9427
1,sweep,0.005,4,1350,0.9434
1,sweep,0.005,4,1400,0.9398
1,sweep,0.005,4,1450,0.9391
1,sweep,0.005,4,1499,0.9391
1,sweep,0.005,8,0,0.9557
1,sweep,0.005,8,50,0.9590
1,sweep,0.005,8,100,0.9596
1,sweep,0.005,8,150,0.9609
1,sweep,0.005,8,200,0.9593
1,sweep,0.005,8,250,0.9600
1,sweep,0.005,8,300,0.9606
1,sweep,0.005,8,350,0.9593
1,sweep,0.005,8,400,0.9590
1,sweep,0.005,8,450,0.9580
1,sweep,0.005,8,500,0.9583
1,sweep,0.005,8,550,0.9583
1,sweep,0.005,8,600,0.9577
1,sweep,0.005,8,650,0.9570
1,sweep,0.005,8,700,0.9551
1,sweep,0.005,8,750,0.9564
1,sweep,0.005,8,800,0.9531
1,sweep,0.005,8,850,0.9508
1,sweep,0.005,8,900,0.9508
1,sweep,0.005,8,950,0.9515
1,sweep,0.005,8,1000,0.9499
1,sweep,0.005,8,1050,0.9469
1,sweep,0.005,8,1100,0.9466
1,sweep,0.005,8,1150,0.9466
1,sweep,0.005,8,1200,0.9434
1,sweep,0.005,8,1250,0.9437
1,sweep,0.005,8,1300,0.9434
1,sweep,0.005,8,1350,0.9447
1,sweep,0.005,8,1400,0.9401
1,sweep,0.005,8,1450,0.9417
1,sweep,0.005,8,1499,0.9385
1,sweep,0.01,0,0,0.9554
1,sweep,0.01,0,50,0.9564
1,sweep,0.01,0,100,0.9541
1,sweep,0.01,0,150,0.9544
1,sweep,0.01,0,200,0.9505
1,sweep,0.01,0,250,0.9486
1,sweep,0.01,0,300,0.9499
1,sweep,0.01,0,350,0.9515
1,sweep,0.01,0,400,0.9460
1,sweep,0.01,0,450,0.9359
1,sweep,0.01,0,500,0.9281
1,sweep,0.01,0,550,0.9232
1,sweep,0.01,0,600,0.9202
1,sweep,0.01,0,650,0.8968
1,sweep,0.01,0,700,0.8851
1,sweep,0.01,0,750,0.8574
1,sweep,0.01,0,800,0.8490
1,sweep,0.01,0,850,0.8389
1,sweep,0.01,0,900,0.8535
1,sweep,0.01,0,950,0.8630
1,sweep,0.01,0,1000,0.8604
1,sweep,0.01,0,1050,0.8633
1,sweep,0.01,0,1100,0.8171
1,sweep,0.01,0,1150,0.7477
1,sweep,0.01,0,1200,0.7041
1,sweep,0.01,0,1250,0.6908
1,sweep,0.01,0,1300,0.6312
1,sweep,0.01,0,1350,0.5296
1,sweep,0.01,0,1400,0.5378
1,sweep,0.01,0,1450,0.5225
1,sweep,0.01,0,1499,0.4827
1,sweep,0.01,1,0,0.9557
1,sweep,0.01,1,50,0.9593
1,sweep,0.01,1,100,0.9580
1,sweep,0.01,1,150,0.9554
1,sweep,0.01,1,200,0.9570
1,sweep,0.01,1,250,0.9577
1,sweep,0.01,1,300,0.9544
1,sweep,0.01,1,350,0.9538
1,sweep,0.01,1,400,0.9538
1,sweep,0.01,1,450,0.9499
1,sweep,0.01,1,500,0.9482
1,sweep,0.01,1,550,0.9460
1,sweep,0.01,1,600,0.9434
1,sweep,0.01,1,650,0.9398
1,sweep,0.01,1,700,0.9352
1,sweep,0.01,1,750,0.9372
1,sweep,0.01,1,800,0.9320
1,sweep,0.01,1,850,0.9193
1,sweep,0.01,1,900,0.9199
1,sweep,0.01,1,950,0.9147
1,sweep,0.01,1,1000,0.8984
1,sweep,0.01,1,1050,0.8864
1,sweep,0.01,1,1100,0.8932
1,sweep,0.01,1,1150,0.8887
1,sweep,0.01,1,1200,0.8613
1,sweep,0.01,1,1250,0.8665
1,sweep,0.01,1,1300,0.8799
1,sweep,0.01,1,1350,0.8682
1,sweep,0.01,1,1400,0.8477
1,sweep,0.01,1,1450,0.8239
1,sweep,0.01,1,1499,0.8242
1,sweep,0.01,2,0,0.9554
1,sweep,0.01,2,50,0.9570
1,sweep,0.01,2,100,0.9564
1,sweep,0.01,2,150,0.9567
1,sweep,0.01,2,200,0.9574
1,sweep,0.01,2,250,0.9564
1,sweep,0.01,2,300,0.9593
1,sweep,0.01,2,350,0.9570
1,sweep,0.01,2,400,0.9551
1,sweep,0.01,2,450,0.9544
1,sweep,0.01,2,500,0.9489
1,sweep,0.01,2,550,0.9476
1,sweep,0.01,2,600,0.9391
1,sweep,0.01,2,650,0.9427
1,sweep,0.01,2,700,0.9417
1,sweep,0.01,2,750,0.9398
1,sweep,0.01,2,800,0.9346
1,sweep,0.01,2,850,0.9222
1,sweep,0.01,2,900,0.9170
1,sweep,0.01,2,950,0.9193
1,sweep,0.01,2,1000,0.9036
1,sweep,0.01,2,1050,0.9098
1,sweep,0.01,2,1100,0.9076
1,sweep,0.01,2,1150,0.8984
1,sweep,0.01,2,1200,0.8926
1,sweep,0.01,2,1250,0.8870
1,sweep,0.01,2,1300,0.8792
1,sweep,0.01,2,1350,0.8695
1,sweep,0.01,2,1400,0.8545
1,sweep,0.01,2,1450,0.8438
1,sweep,0.01,2,1499,0.8385
1,sweep,0.01,4,0,0.9554
1,sweep,0.01,4,50,0.9600
1,sweep,0.01,4,100,0.9587
1,sweep,0.01,4,150,0.9557
1,sweep,0.01,4,200,0.9557
1,sweep,0.01,4,250,0.9570
1,sweep,0.01,4,300,0.9544
1,sweep,0.01,4,350,0.9538
1,sweep,0.01,4,400,0.9508
1,sweep,0.01,4,450,0.9486
1,sweep,0.01,4,500,0.9473
1,sweep,0.01,4,550,0.9427
1,sweep,0.01,4,600,0.9421
1,sweep,0.01,4,650,0.9388
1,sweep,0.01,4,700,0.9342
1,sweep,0.01,4,750,0.9300
1,sweep,0.01,4,800,0.9274
1,sweep,0.01,4,850,0.9261
1,sweep,0.01,4,900,0.9176
1,sweep,0.01,4,950,0.9173
1,sweep,0.01,4,1000,0.9154
1,sweep,0.01,4,1050,0.9056
1,sweep,0.01,4,1100,0.9066
1,sweep,0.01,4,1150,0.9001
1,sweep,0.01,4,1200,0.8903
1,sweep,0.01,4,1250,0.8812
1,sweep,0.01,4,1300,0.8773
1,sweep,0.01,4,1350,0.8802
1,sweep,0.01,4,1400,0.8623
1,sweep,0.01,4,1450,0.8535
1,sweep,0.01,4,1499,0.8434
1,sweep,0.01,8,0,0.9564
1,sweep,0.01,8,50,0.9603
1,sweep,0.01,8,100,0.9622
1,sweep,0.01,8,150,0.9616
1,sweep,0.01,8,200,0.9587
1,sweep,0.01,8,250,0.9603
1,sweep,0.01,8,300,0.9564
1,sweep,0.01,8,350,0.9551
1,sweep,0.01,8,400,0.9531
1,sweep,0.01,8,450,0.9528
1,sweep,0.01,8,500,0.9495
1,sweep,0.01,8,550,0.9443
1,sweep,0.01,8,600,0.9440
1,sweep,0.01,8,650,0.9440
1,sweep,0.01,8,700,0.9404
1,sweep,0.01,8,750,0.9388
1,sweep,0.01,8,800,0.9342
1,sweep,0.01,8,850,0.9248
1,sweep,0.01,8,900,0.9189
1,sweep,0.01,8,950,0.9144
1,sweep,0.01,8,1000,0.9141
1,sweep,0.01,8,1050,0.9098
1,sweep,0.01,8,1100,0.9059
1,sweep,0.01,8,1150,0.8997
1,sweep,0.01,8,1200,0.8968
1,sweep,0.01,8,1250,0.8971
1,sweep,0.01,8,1300,0.8936
1,sweep,0.01,8,1350,0.8903
1,sweep,0.01,8,1400,0.8841
1,sweep,0.01,8,1450,0.8848
1,sweep,0.01,8,1499,0.8760
1,sweep,0.02,0,0,0.9557
1,sweep,0.02,0,50,0.9574
1,sweep,0.02,0,100,0.9495
1,sweep,0.02,0,150,0.9427
1,sweep,0.02,0,200,0.9232
1,sweep,0.02,0,250,0.8958
1,sweep,0.02,0,300,0.8613
1,sweep,0.02,0,350,0.7965
1,sweep,0.02,0,400,0.7806
1,sweep,0.02,0,450,0.7406
1,sweep,0.02,0,500,0.5736
1,sweep,0.02,0,550,0.5732
1,sweep,0.02,0,600,0.4980
1,sweep,0.02,0,650,0.4235
1,sweep,0.02,0,700,0.3942
1,sweep,0.02,0,750,0.3669
1,sweep,0.02,0,800,0.2581
1,sweep,0.02,0,850,0.2747
1,sweep,0.02,0,900,0.2484
1,sweep,0.02,0,950,0.2119
1,sweep,0.02,0,1000,0.2686
1,sweep,0.02,0,1050,0.2129
1,sweep,0.02,0,1100,0.2008
1,sweep,0.02,0,1150,0.1810
1,sweep,0.02,0,1200,0.2314
1,sweep,0.02,0,1250,0.2018
1,sweep,0.02,0,1300,0.2204
1,sweep,0.02,0,1350,0.1934
1,sweep,0.02,0,1400,0.1995
1,sweep,0.02,0,1450,0.1803
1,sweep,0.02,0,1499,0.1061
1,sweep,0.02,1,0,0.9557
1,sweep,0.02,1,50,0.9567
1,sweep,0.02,1,100,0.9535
1,sweep,0.02,1,150,0.9489
1,sweep,0.02,1,200,0.9421
1,sweep,0.02,1,250,0.9382
1,sweep,0.02,1,300,0.9160
1,sweep,0.02,1,350,0.9036
1,sweep,0.02,1,400,0.8958
1,sweep,0.02,1,450,0.8698
1,sweep,0.02,1,500,0.8483
1,sweep,0.02,1,550,0.8532
1,sweep,0.02,1,600,0.7760
1,sweep,0.02,1,650,0.8096
1,sweep,0.02,1,700,0.6644
1,sweep,0.02,1,750,0.6406
1,sweep,0.02,1,800,0.5824
1,sweep,0.02,1,850,0.5176
1,sweep,0.02,1,900,0.4639
1,sweep,0.02,1,950,0.4004
1,sweep,0.02,1,1000,0.3304
1,sweep,0.02,1,1050,0.3249
1,sweep,0.02,1,1100,0.2728
1,sweep,0.02,1,1150,0.2747
1,sweep,0.02,1,1200,0.1911
1,sweep,0.02,1,1250,0.1224
1,sweep,0.02,1,1300,0.1064
1,sweep,0.02,1,1350,0.1019
1,sweep,0.02,1,1400,0.0934
1,sweep,0.02,1,1450,0.0934
1,sweep,0.02,1,1499,0.0934
1,sweep,0.02,2,0,0.9551
1,sweep,0.02,2,50,0.9544
1,sweep,0.02,2,100,0.9570
1,sweep,0.02,2,150,0.9557
1,sweep,0.02,2,200,0.9486
1,sweep,0.02,2,250,0.9450
1,sweep,0.02,2,300,0.9424
1,sweep,0.02,2,350,0.9102
1,sweep,0.02,2,400,0.9089
1,sweep,0.02,2,450,0.9076
1,sweep,0.02,2,500,0.9040
1,sweep,0.02,2,550,0.8916
1,sweep,0.02,2,600,0.8926
1,sweep,0.02,2,650,0.8555
1,sweep,0.02,2,700,0.8070
1,sweep,0.02,2,750,0.7279
1,sweep,0.02,2,800,0.6439
1,sweep,0.02,2,850,0.6006
1,sweep,0.02,2,900,0.5684
1,sweep,0.02,2,950,0.5186
1,sweep,0.02,2,1000,0.3558
1,sweep,0.02,2,1050,0.3109
1,sweep,0.02,2,1100,0.1982
1,sweep,0.02,2,1150,0.2093
1,sweep,0.02,2,1200,0.1927
1,sweep,0.02,2,1250,0.1523
1,sweep,0.02,2,1300,0.1159
1,sweep,0.02,2,1350,0.1156
1,sweep,0.02,2,1400,0.1139
1,sweep,0.02,2,1450,0.1136
1,sweep,0.02,2,1499,0.1133
1,sweep,0.02,4,0,0.9557
1,sweep,0.02,4,50,0.9580
1,sweep,0.02,4,100,0.9570
1,sweep,0.02,4,150,0.9535
1,sweep,0.02,4,200,0.9495
1,sweep,0.02,4,250,0.9463
1,sweep,0.02,4,300,0.9372
1,sweep,0.02,4,350,0.9310
1,sweep,0.02,4,400,0.9264
1,sweep,0.02,4,450,0.9183
1,sweep,0.02,4,500,0.8949
1,sweep,0.02,4,550,0.8730
1,sweep,0.02,4,600,0.8639
1,sweep,0.02,4,650,0.8770
1,sweep,0.02,4,700,0.8496
1,sweep,0.02,4,750,0.7760
1,sweep,0.02,4,800,0.7562
1,sweep,0.02,4,850,0.7415
1,sweep,0.02,4,900,0.7064
1,sweep,0.02,4,950,0.7790
1,sweep,0.02,4,1000,0.7109
1,sweep,0.02,4,1050,0.7080
1,sweep,0.02,4,1100,0.6742
1,sweep,0.02,4,1150,0.6660
1,sweep,0.02,4,1200,0.6807
1,sweep,0.02,4,1250,0.6305
1,sweep,0.02,4,1300,0.6374
1,sweep,0.02,4,1350,0.6712
1,sweep,0.02,4,1400,0.6335
1,sweep,0.02,4,1450,0.6061
1,sweep,0.02,4,1499,0.5713
1,sweep,0.02,8,0,0.9557
1,sweep,0.02,8,50,0.9596
1,sweep,0.02,8,100,0.9606
1,sweep,0.02,8,150,0.9567
1,sweep,0.02,8,200,0.9548
1,sweep,0.02,8,250,0.9521
1,sweep,0.02,8,300,0.9463
1,sweep,0.02,8,350,0.9382
1,sweep,0.02,8,400,0.9342
1,sweep,0.02,8,450,0.9255
1,sweep,0.02,8,500,0.9111
1,sweep,0.02,8,550,0.9069
1,sweep,0.02,8,600,0.8870
1,sweep,0.02,8,650,0.8851
1,sweep,0.02,8,700,0.8587
1,sweep,0.02,8,750,0.8581
1,sweep,0.02,8,800,0.8408
1,sweep,0.02,8,850,0.8363
1,sweep,0.02,8,900,0.8083
1,sweep,0.02,8,950,0.7982
1,sweep,0.02,8,1000,0.7865
1,sweep,0.02,8,1050,0.7835
1,sweep,0.02,8,1100,0.7728
1,sweep,0.02,8,1150,0.7510
1,sweep,0.02,8,1200,0.7428
1,sweep,0.02,8,1250,0.7510
1,sweep,0.02,8,1300,0.7546
1,sweep,0.02,8,1350,0.6966
1,sweep,0.02,8,1400,0.6989
1,sweep,0.02,8,1450,0.7103
1,sweep,0.02,8,1499,0.7106
1,sweep,0.04,0,0,0.9538
1,sweep,0.04,0,50,0.9424
1,sweep,0.04,0,100,0.9365
1,sweep,0.04,0,150,0.8372
1,sweep,0.04,0,200,0.6882
1,sweep,0.04,0,250,0.5003
1,sweep,0.04,0,300,0.4206
1,sweep,0.04,0,350,0.3122
1,sweep,0.04,0,400,0.2152
1,sweep,0.04,0,450,0.2982
1,sweep,0.04,0,500,0.2275
1,sweep,0.04,0,550,0.1025
1,sweep,0.04,0,600,0.1025
1,sweep,0.04,0,650,0.1650
1,sweep,0.04,0,700,0.1169
1,sweep,0.04,0,750,0.1090
1,sweep,0.04,0,800,0.1029
1,sweep,0.04,0,850,0.1045
1,sweep,0.04,0,900,0.0973
1,sweep,0.04,0,950,0.0915
1,sweep,0.04,0,1000,0.1839
1,sweep,0.04,0,1050,0.1159
1,sweep,0.04,0,1100,0.1178
1,sweep,0.04,0,1150,0.0667
1,sweep,0.04,0,1200,0.0736
1,sweep,0.04,0,1250,0.1143
1,sweep,0.04,0,1300,0.1387
1,sweep,0.04,0,1350,0.1478
1,sweep,0.04,0,1400,0.1318
1,sweep,0.04,0,1450,0.1250
1,sweep,0.04,0,1499,0.1367
1,sweep,0.04,1,0,0.9564
1,sweep,0.04,1,50,0.9505
1,sweep,0.04,1,100,0.9395
1,sweep,0.04,1,150,0.9036
1,sweep,0.04,1,200,0.8623
1,sweep,0.04,1,250,0.7995
1,sweep,0.04,1,300,0.6865
1,sweep,0.04,1,350,0.5521
1,sweep,0.04,1,400,0.4463
1,sweep,0.04,1,450,0.4092
1,sweep,0.04,1,500,0.1768
1,sweep,0.04,1,550,0.1758
1,sweep,0.04,1,600,0.1227
1,sweep,0.04,1,650,0.1328
1,sweep,0.04,1,700,0.1133
1,sweep,0.04,1,750,0.1243
1,sweep,0.04,1,800,0.1022
1,sweep,0.04,1,850,0.1022
1,sweep,0.04,1,900,0.1022
1,sweep,0.04,1,950,0.1022
1,sweep,0.04,1,1000,0.1022
1,sweep,0.04,1,1050,0.1133
1,sweep,0.04,1,1100,0.1133
1,sweep,0.04,1,1150,0.0947
1,sweep,0.04,1,1200,0.1123
1,sweep,0.04,1,1250,0.1143
1,sweep,0.04,1,1300,0.0618
1,sweep,0.04,1,1350,0.1120
1,sweep,0.04,1,1400,0.1025
1,sweep,0.04,1,1450,0.1019
1,sweep,0.04,1,1499,0.1221
1,sweep,0.04,2,0,0.9570
1,sweep,0.04,2,50,0.9567
1,sweep,0.04,2,100,0.9417
1,sweep,0.04,2,150,0.9124
1,sweep,0.04,2,200,0.8792
1,sweep,0.04,2,250,0.8577
1,sweep,0.04,2,300,0.6693
1,sweep,0.04,2,350,0.5355
1,sweep,0.04,2,400,0.4225
1,sweep,0.04,2,450,0.3757
1,sweep,0.04,2,500,0.3027
1,sweep,0.04,2,550,0.3398
1,sweep,0.04,2,600,0.2184
1,sweep,0.04,2,650,0.2083
1,sweep,0.04,2,700,0.1341
1,sweep,0.04,2,750,0.1370
1,sweep,0.04,2,800,0.1494
1,sweep,0.04,2,850,0.0921
1,sweep,0.04,2,900,0.0534
1,sweep,0.04,2,950,0.0654
1,sweep,0.04,2,1000,0.0928
1,sweep,0.04,2,1050,0.1175
1,sweep,0.04,2,1100,0.1383
1,sweep,0.04,2,1150,0.1136
1,sweep,0.04,2,1200,0.1133
1,sweep,0.04,2,1250,0.1139
1,sweep,0.04,2,1300,0.1217
1,sweep,0.04,2,1350,0.1221
1,sweep,0.04,2,1400,0.0837
1,sweep,0.04,2,1450,0.1146
1,sweep,0.04,2,1499,0.1133
1,sweep,0.04,4,0,0.9567
1,sweep,0.04,4,50,0.9574
1,sweep,0.04,4,100,0.9460
1,sweep,0.04,4,150,0.9355
1,sweep,0.04,4,200,0.9043
1,sweep,0.04,4,250,0.8633
1,sweep,0.04,4,300,0.8005
1,sweep,0.04,4,350,0.6768
1,sweep,0.04,4,400,0.5768
1,sweep,0.04,4,450,0.5117
1,sweep,0.04,4,500,0.4320
1,sweep,0.04,4,550,0.2578
1,sweep,0.04,4,600,0.2523
1,sweep,0.04,4,650,0.1257
1,sweep,0.04,4,700,0.1133
1,sweep,0.04,4,750,0.1143
1,sweep,0.04,4,800,0.1156
1,sweep,0.04,4,850,0.1712
1,sweep,0.04,4,900,0.1562
1,sweep,0.04,4,950,0.1543
1,sweep,0.04,4,1000,0.1159
1,sweep,0.04,4,1050,0.1325
1,sweep,0.04,4,1100,0.1022
1,sweep,0.04,4,1150,0.1022
1,sweep,0.04,4,1200,0.1022
1,sweep,0.04,4,1250,0.1022
1,sweep,0.04,4,1300,0.1022
1,sweep,0.04,4,1350,0.1022
1,sweep,0.04,4,1400,0.1022
1,sweep,0.04,4,1450,0.1022
1,sweep,0.04,4,1499,0.1022
1,sweep,0.04,8,0,0.9554
1,sweep,0.04,8,50,0.9564
1,sweep,0.04,8,100,0.9469
1,sweep,0.04,8,150,0.9404
1,sweep,0.04,8,200,0.9199
1,sweep,0.04,8,250,0.9095
1,sweep,0.04,8,300,0.8633
1,sweep,0.04,8,350,0.8457
1,sweep,0.04,8,400,0.7985
1,sweep,0.04,8,450,0.7041
1,sweep,0.04,8,500,0.6305
1,sweep,0.04,8,550,0.6325
1,sweep,0.04,8,600,0.5407
1,sweep,0.04,8,650,0.5651
1,sweep,0.04,8,700,0.5524
1,sweep,0.04,8,750,0.5039
1,sweep,0.04,8,800,0.3929
1,sweep,0.04,8,850,0.2982
1,sweep,0.04,8,900,0.2764
1,sweep,0.04,8,950,0.3545
1,sweep,0.04,8,1000,0.3203
1,sweep,0.04,8,1050,0.2799
1,sweep,0.04,8,1100,0.2467
1,sweep,0.04,8,1150,0.1787
1,sweep,0.04,8,1200,0.1159
1,sweep,0.04,8,1250,0.2738
1,sweep,0.04,8,1300,0.2956
1,sweep,0.04,8,1350,0.1279
1,sweep,0.04,8,1400,0.1110
1,sweep,0.04,8,1450,0.1257
1,sweep,0.04,8,1499,0.1133
1,sweep,0.08,0,0,0.9557
1,sweep,0.08,0,50,0.9059
1,sweep,0.08,0,100,0.4466
1,sweep,0.08,0,150,0.1908
1,sweep,0.08,0,200,0.1087
1,sweep,0.08,0,250,0.1507
1,sweep,0.08,0,300,0.0703
1,sweep,0.08,0,350,0.1152
1,sweep,0.08,0,400,0.0938
1,sweep,0.08,0,450,0.0605
1,sweep,0.08,0,500,0.0745
1,sweep,0.08,0,550,0.0758
1,sweep,0.08,0,600,0.1097
1,sweep,0.08,0,650,0.0863
1,sweep,0.08,0,700,0.0934
1,sweep,0.08,0,750,0.1051
1,sweep,0.08,0,800,0.1117
1,sweep,0.08,0,850,0.1038
1,sweep,0.08,0,900,0.1045
1,sweep,0.08,0,950,0.1058
1,sweep,0.08,0,1000,0.1058
1,sweep,0.08,0,1050,0.1058
1,sweep,0.08,0,1100,0.1058
1,sweep,0.08,0,1150,0.0957
1,sweep,0.08,0,1200,0.0957
1,sweep,0.08,0,1250,0.1136
1,sweep,0.08,0,1300,0.1338
1,sweep,0.08,0,1350,0.0954
1,sweep,0.08,0,1400,0.0928
1,sweep,0.08,0,1450,0.0934
1,sweep,0.08,0,1499,0.1042
1,sweep,0.08,1,0,0.9561
1,sweep,0.08,1,50,0.9176
1,sweep,0.08,1,100,0.5869
1,sweep,0.08,1,150,0.3011
1,sweep,0.08,1,200,0.2327
1,sweep,0.08,1,250,0.1432
1,sweep,0.08,1,300,0.1038
1,sweep,0.08,1,350,0.0957
1,sweep,0.08,1,400,0.1071
1,sweep,0.08,1,450,0.0723
1,sweep,0.08,1,500,0.0846
1,sweep,0.08,1,550,0.1048
1,sweep,0.08,1,600,0.0771
1,sweep,0.08,1,650,0.1068
1,sweep,0.08,1,700,0.0996
1,sweep,0.08,1,750,0.1370
1,sweep,0.08,1,800,0.1107
1,sweep,0.08,1,850,0.1296
1,sweep,0.08,1,900,0.1673
1,sweep,0.08,1,950,0.0765
1,sweep,0.08,1,1000,0.1178
1,sweep,0.08,1,1050,0.1081
1,sweep,0.08,1,1100,0.1139
1,sweep,0.08,1,1150,0.1165
1,sweep,0.08,1,1200,0.1826
1,sweep,0.08,1,1250,0.0716
1,sweep,0.08,1,1300,0.1260
1,sweep,0.08,1,1350,0.0999
1,sweep,0.08,1,1400,0.1462
1,sweep,0.08,1,1450,0.1159
1,sweep,0.08,1,1499,0.1292
1,sweep,0.08,2,0,0.9538
1,sweep,0.08,2,50,0.8952
1,sweep,0.08,2,100,0.7451
1,sweep,0.08,2,150,0.4831
1,sweep,0.08,2,200,0.2897
1,sweep,0.08,2,250,0.1426
1,sweep,0.08,2,300,0.0771
1,sweep,0.08,2,350,0.1237
1,sweep,0.08,2,400,0.1579
1,sweep,0.08,2,450,0.0693
1,sweep,0.08,2,500,0.1410
1,sweep,0.08,2,550,0.1006
1,sweep,0.08,2,600,0.1009
1,sweep,0.08,2,650,0.0605
1,sweep,0.08,2,700,0.1699
1,sweep,0.08,2,750,0.1058
1,sweep,0.08,2,800,0.1390
1,sweep,0.08,2,850,0.1038
1,sweep,0.08,2,900,0.1143
1,sweep,0.08,2,950,0.0586
1,sweep,0.08,2,1000,0.0902
1,sweep,0.08,2,1050,0.0768
1,sweep,0.08,2,1100,0.0856
1,sweep,0.08,2,1150,0.0850
1,sweep,0.08,2,1200,0.0833
1,sweep,0.08,2,1250,0.1120
1,sweep,0.08,2,1300,0.1090
1,sweep,0.08,2,1350,0.1100
1,sweep,0.08,2,1400,0.1032
1,sweep,0.08,2,1450,0.1344
1,sweep,0.08,2,1499,0.1012
1,sweep,0.08,4,0,0.9548
1,sweep,0.08,4,50,0.9245
1,sweep,0.08,4,100,0.7464
1,sweep,0.08,4,150,0.4798
1,sweep,0.08,4,200,0.3294
1,sweep,0.08,4,250,0.1305
1,sweep,0.08,4,300,0.1846
1,sweep,0.08,4,350,0.1517
1,sweep,0.08,4,400,0.1214
1,sweep,0.08,4,450,0.1104
1,sweep,0.08,4,500,0.1221
1,sweep,0.08,4,550,0.1312
1,sweep,0.08,4,600,0.1117
1,sweep,0.08,4,650,0.0977
1,sweep,0.08,4,700,0.0964
1,sweep,0.08,4,750,0.0729
1,sweep,0.08,4,800,0.0964
1,sweep,0.08,4,850,0.1126
1,sweep,0.08,4,900,0.1361
1,sweep,0.08,4,950,0.1084
1,sweep,0.08,4,1000,0.1019
1,sweep,0.08,4,1050,0.1344
1,sweep,0.08,4,1100,0.1130
1,sweep,0.08,4,1150,0.1507
1,sweep,0.08,4,1200,0.1178
1,sweep,0.08,4,1250,0.1198
1,sweep,0.08,4,1300,0.1087
1,sweep,0.08,4,1350,0.1338
1,sweep,0.08,4,1400,0.1432
1,sweep,0.08,4,1450,0.1478
1,sweep,0.08,4,1499,0.0921
1,sweep,0.08,8,0,0.9567
1,sweep,0.08,8,50,0.9424
1,sweep,0.08,8,100,0.8545
1,sweep,0.08,8,150,0.6712
1,sweep,0.08,8,200,0.5173
1,sweep,0.08,8,250,0.3714
1,sweep,0.08,8,300,0.1895
1,sweep,0.08,8,350,0.2165
1,sweep,0.08,8,400,0.1410
1,sweep,0.08,8,450,0.1214
1,sweep,0.08,8,500,0.0957
1,sweep,0.08,8,550,0.1126
1,sweep,0.08,8,600,0.1777
1,sweep,0.08,8,650,0.1270
1,sweep,0.08,8,700,0.1266
1,sweep,0.08,8,750,0.2243
1,sweep,0.08,8,800,0.1403
1,sweep,0.08,8,850,0.1986
1,sweep,0.08,8,900,0.2386
1,sweep,0.08,8,950,0.1374
1,sweep,0.08,8,1000,0.1146
1,sweep,0.08,8,1050,0.1217
1,sweep,0.08,8,1100,0.1152
1,sweep,0.08,8,1150,0.0879
1,sweep,0.08,8,1200,0.1657
1,sweep,0.08,8,1250,0.1094
1,sweep,0.08,8,1300,0.1562
1,sweep,0.08,8,1350,0.1084
1,sweep,0.08,8,1400,0.1230
1,sweep,0.08,8,1450,0.0830
1,sweep,0.08,8,1499,0.1133
1,sweep,0.16,0,0,0.9551
1,sweep,0.16,0,50,0.2526
1,sweep,0.16,0,100,0.1152
1,sweep,0.16,0,150,0.1426
1,sweep,0.16,0,200,0.1159
1,sweep,0.16,0,250,0.1442
1,sweep,0.16,0,300,0.1029
1,sweep,0.16,0,350,0.1214
1,sweep,0.16,0,400,0.1370
1,sweep,0.16,0,450,0.1074
1,sweep,0.16,0,500,0.0820
1,sweep,0.16,0,550,0.0951
1,sweep,0.16,0,600,0.0459
1,sweep,0.16,0,650,0.0697
1,sweep,0.16,0,700,0.1266
1,sweep,0.16,0,750,0.1016
1,sweep,0.16,0,800,0.0859
1,sweep,0.16,0,850,0.0967
1,sweep,0.16,0,900,0.0905
1,sweep,0.16,0,950,0.1058
1,sweep,0.16,0,1000,0.0938
1,sweep,0.16,0,1050,0.1107
1,sweep,0.16,0,1100,0.1230
1,sweep,0.16,0,1150,0.1117
1,sweep,0.16,0,1200,0.1120
1,sweep,0.16,0,1250,0.0752
1,sweep,0.16,0,1300,0.0905
1,sweep,0.16,0,1350,0.0889
1,sweep,0.16,0,1400,0.0664
1,sweep,0.16,0,1450,0.0934
1,sweep,0.16,0,1499,0.1087
1,sweep,0.16,1,0,0.9557
1,sweep,0.16,1,50,0.3132
1,sweep,0.16,1,100,0.0947
1,sweep,0.16,1,150,0.1126
1,sweep,0.16,1,200,0.0391
1,sweep,0.16,1,250,0.1318
1,sweep,0.16,1,300,0.1393
1,sweep,0.16,1,350,0.1576
1,sweep,0.16,1,400,0.1693
1,sweep,0.16,1,450,0.1667
1,sweep,0.16,1,500,0.1891
1,sweep,0.16,1,550,0.1357
1,sweep,0.16,1,600,0.1794
1,sweep,0.16,1,650,0.2500
1,sweep,0.16,1,700,0.1940
1,sweep,0.16,1,750,0.1598
1,sweep,0.16,1,800,0.2985
1,sweep,0.16,1,850,0.2718
1,sweep,0.16,1,900,0.2161
1,sweep,0.16,1,950,0.3122
1,sweep,0.16,1,1000,0.4066
1,sweep,0.16,1,1050,0.4355
1,sweep,0.16,1,1100,0.4574
1,sweep,0.16,1,1150,0.4535
1,sweep,0.16,1,1200,0.4632
1,sweep,0.16,1,1250,0.5228
1,sweep,0.16,1,1300,0.5391
1,sweep,0.16,1,1350,0.5384
1,sweep,0.16,1,1400,0.5303
1,sweep,0.16,1,1450,0.5921
1,sweep,0.16,1,1499,0.5137
1,sweep,0.16,2,0,0.9541
1,sweep,0.16,2,50,0.3421
1,sweep,0.16,2,100,0.1120
1,sweep,0.16,2,150,0.1413
1,sweep,0.16,2,200,0.0814
1,sweep,0.16,2,250,0.1038
1,sweep,0.16,2,300,0.1390
1,sweep,0.16,2,350,0.1465
1,sweep,0.16,2,400,0.1979
1,sweep,0.16,2,450,0.1273
1,sweep,0.16,2,500,0.1624
1,sweep,0.16,2,550,0.1973
1,sweep,0.16,2,600,0.2184
1,sweep,0.16,2,650,0.2559
1,sweep,0.16,2,700,0.2679
1,sweep,0.16,2,750,0.3607
1,sweep,0.16,2,800,0.3923
1,sweep,0.16,2,850,0.3555
1,sweep,0.16,2,900,0.4255
1,sweep,0.16,2,950,0.4635
1,sweep,0.16,2,1000,0.4583
1,sweep,0.16,2,1050,0.4873
1,sweep,0.16,2,1100,0.5420
1,sweep,0.16,2,1150,0.6090
1,sweep,0.16,2,1200,0.5892
1,sweep,0.16,2,1250,0.5400
1,sweep,0.16,2,1300,0.6198
1,sweep,0.16,2,1350,0.6270
1,sweep,0.16,2,1400,0.6029
1,sweep,0.16,2,1450,0.5833
1,sweep,0.16,2,1499,0.6357
1,sweep,0.16,4,0,0.9570
1,sweep,0.16,4,50,0.4059
1,sweep,0.16,4,100,0.1292
1,sweep,0.16,4,150,0.1709
1,sweep,0.16,4,200,0.1491
1,sweep,0.16,4,250,0.2464
1,sweep,0.16,4,300,0.2051
1,sweep,0.16,4,350,0.1992
1,sweep,0.16,4,400,0.2243
1,sweep,0.16,4,450,0.2337
1,sweep,0.16,4,500,0.3307
1,sweep,0.16,4,550,0.2809
1,sweep,0.16,4,600,0.3324
1,sweep,0.16,4,650,0.4001
1,sweep,0.16,4,700,0.4411
1,sweep,0.16,4,750,0.4505
1,sweep,0.16,4,800,0.4535
1,sweep,0.16,4,850,0.4785
1,sweep,0.16,4,900,0.5277
1,sweep,0.16,4,950,0.5837
1,sweep,0.16,4,1000,0.6185
1,sweep,0.16,4,1050,0.6279
1,sweep,0.16,4,1100,0.6178
1,sweep,0.16,4,1150,0.6595
1,sweep,0.16,4,1200,0.6312
1,sweep,0.16,4,1250,0.6423
1,sweep,0.16,4,1300,0.6781
1,sweep,0.16,4,1350,0.7246
1,sweep,0.16,4,1400,0.6042
1,sweep,0.16,4,1450,0.7106
1,sweep,0.16,4,1499,0.6699
1,sweep,0.16,8,0,0.9577
1,sweep,0.16,8,50,0.5469
1,sweep,0.16,8,100,0.2591
1,sweep,0.16,8,150,0.1901
1,sweep,0.16,8,200,0.2552
1,sweep,0.16,8,250,0.1966
1,sweep,0.16,8,300,0.2666
1,sweep,0.16,8,350,0.2751
1,sweep,0.16,8,400,0.3070
1,sweep,0.16,8,450,0.4033
1,sweep,0.16,8,500,0.3828
1,sweep,0.16,8,550,0.3867
1,sweep,0.16,8,600,0.4229
1,sweep,0.16,8,650,0.4902
1,sweep,0.16,8,700,0.5192
1,sweep,0.16,8,750,0.5635
1,sweep,0.16,8,800,0.5693
1,sweep,0.16,8,850,0.5544
1,sweep,0.16,8,900,0.6006
1,sweep,0.16,8,950,0.6497
1,sweep,0.16,8,1000,0.6699
1,sweep,0.16,8,1050,0.6722
1,sweep,0.16,8,1100,0.7051
1,sweep,0.16,8,1150,0.7132
1,sweep,0.16,8,1200,0.7168
1,sweep,0.16,8,1250,0.7005
1,sweep,0.16,8,1300,0.7734
1,sweep,0.16,8,1350,0.7741
1,sweep,0.16,8,1400,0.7324
1,sweep,0.16,8,1450,0.7754
1,sweep,0.16,8,1499,0.7288
1,prelude,0.02,4,0,0.9557
1,prelude,0.02,4,50,0.9567
1,prelude,0.02,4,100,0.9570
1,prelude,0.02,4,150,0.9538
1,prelude,0.02,4,200,0.9512
1,prelude,0.02,4,250,0.9398
1,prelude,0.02,4,300,0.9352
1,prelude,0.02,4,350,0.9329
1,prelude,0.02,4,400,0.9232
1,prelude,0.02,4,450,0.9193
1,prelude,0.02,4,500,0.9033
1,prelude,0.02,4,550,0.8802
1,prelude,0.02,4,600,0.8512
1,prelude,0.02,4,650,0.8597
1,prelude,0.02,4,700,0.8477
1,prelude,0.02,4,750,0.8538
1,prelude,0.02,4,800,0.8301
1,prelude,0.02,4,850,0.8197
1,prelude,0.02,4,900,0.8135
1,prelude,0.02,4,950,0.7897
1,prelude,0.02,4,1000,0.7799
1,prelude,0.02,4,1050,0.7721
1,prelude,0.02,4,1100,0.6787
1,prelude,0.02,4,1150,0.6436
1,prelude,0.02,4,1200,0.6423
1,prelude,0.02,4,1250,0.6995
1,prelude,0.02,4,1300,0.6862
1,prelude,0.02,4,1350,0.7188
1,prelude,0.02,4,1400,0.6357
1,prelude,0.02,4,1450,0.6689
1,prelude,0.02,4,1499,0.6449
1,starve,0.02,0,0,0.6325
1,starve,0.02,0,2,0.6217
1,starve,0.02,0,4,0.6211
1,starve,0.02,0,6,0.6094
1,starve,0.02,0,8,0.6100
1,starve,0.02,0,10,0.5938
1,starve,0.02,0,12,0.5840
1,starve,0.02,0,14,0.5954
1,starve,0.02,0,16,0.5837
1,starve,0.02,0,18,0.5882
1,starve,0.02,0,20,0.5749
1,starve,0.02,0,22,0.5892
1,starve,0.02,0,24,0.6165
1,recover,0.02,4,0,0.6260
1,recover,0.02,4,50,0.6071
1,recover,0.02,4,100,0.6165
1,recover,0.02,4,150,0.5055
1,recover,0.02,4,200,0.3812
1,recover,0.02,4,250,0.3757
1,recover,0.02,4,300,0.3141
1,recover,0.02,4,350,0.2096
1,recover,0.02,4,400,0.1768
1,recover,0.02,4,450,0.1178
1,recover,0.02,4,500,0.1292
1,recover,0.02,4,550,0.1305
1,recover,0.02,4,600,0.1094
1,recover,0.02,4,650,0.1139
1,recover,0.02,4,700,0.1712
1,recover,0.02,4,750,0.1462
1,recover,0.02,4,800,0.0928
1,recover,0.02,4,850,0.0918
1,recover,0.02,4,900,0.0918
1,recover,0.02,4,950,0.1608
1,recover,0.02,4,1000,0.1133
1,recover,0.02,4,1050,0.1133
1,recover,0.02,4,1100,0.1133
1,recover,0.02,4,1150,0.1133
1,recover,0.02,4,1200,0.1133
1,recover,0.02,4,1250,0.1133
1,recover,0.02,4,1300,0.1133
1,recover,0.02,4,1350,0.1133
1,recover,0.02,4,1400,0.1133
1,recover,0.02,4,1450,0.1032
1,recover,0.02,4,1499,0.1035
1,recovery_summary,0.02,4,25,0.6293|0.1035
1,starve,0.02,0,0,0.6325
1,starve,0.02,0,5,0.6380
1,starve,0.02,0,10,0.6178
1,starve,0.02,0,15,0.4271
1,starve,0.02,0,20,0.4069
1,starve,0.02,0,25,0.4014
1,starve,0.02,0,30,0.3509
1,starve,0.02,0,35,0.3896
1,starve,0.02,0,40,0.3607
1,starve,0.02,0,45,0.3584
1,starve,0.02,0,49,0.3643
1,recover,0.02,4,0,0.3610
1,recover,0.02,4,50,0.4544
1,recover,0.02,4,100,0.5111
1,recover,0.02,4,150,0.3695
1,recover,0.02,4,200,0.3314
1,recover,0.02,4,250,0.4147
1,recover,0.02,4,300,0.3314
1,recover,0.02,4,350,0.4336
1,recover,0.02,4,400,0.3867
1,recover,0.02,4,450,0.2904
1,recover,0.02,4,500,0.2770
1,recover,0.02,4,550,0.2705
1,recover,0.02,4,600,0.2565
1,recover,0.02,4,650,0.1305
1,recover,0.02,4,700,0.1865
1,recover,0.02,4,750,0.1139
1,recover,0.02,4,800,0.1133
1,recover,0.02,4,850,0.1452
1,recover,0.02,4,900,0.1172
1,recover,0.02,4,950,0.1136
1,recover,0.02,4,1000,0.1133
1,recover,0.02,4,1050,0.1133
1,recover,0.02,4,1100,0.1162
1,recover,0.02,4,1150,0.1133
1,recover,0.02,4,1200,0.1133
1,recover,0.02,4,1250,0.1133
1,recover,0.02,4,1300,0.1133
1,recover,0.02,4,1350,0.1133
1,recover,0.02,4,1400,0.1133
1,recover,0.02,4,1450,0.1022
1,recover,0.02,4,1499,0.1022
1,recovery_summary,0.02,4,50,0.3694|0.1022
1,starve,0.02,0,0,0.6608
1,starve,0.02,0,10,0.6582
1,starve,0.02,0,20,0.6325
1,starve,0.02,0,30,0.6312
1,starve,0.02,0,40,0.6325
1,starve,0.02,0,50,0.6152
1,starve,0.02,0,60,0.6048
1,starve,0.02,0,70,0.5824
1,starve,0.02,0,80,0.4779
1,starve,0.02,0,90,0.3464
1,starve,0.02,0,99,0.3418
1,recover,0.02,4,0,0.3340
1,recover,0.02,4,50,0.2490
1,recover,0.02,4,100,0.2702
1,recover,0.02,4,150,0.2080
1,recover,0.02,4,200,0.2396
1,recover,0.02,4,250,0.3356
1,recover,0.02,4,300,0.3672
1,recover,0.02,4,350,0.3607
1,recover,0.02,4,400,0.3408
1,recover,0.02,4,450,0.2334
1,recover,0.02,4,500,0.1852
1,recover,0.02,4,550,0.1266
1,recover,0.02,4,600,0.1139
1,recover,0.02,4,650,0.1136
1,recover,0.02,4,700,0.1133
1,recover,0.02,4,750,0.1133
1,recover,0.02,4,800,0.1133
1,recover,0.02,4,850,0.1133
1,recover,0.02,4,900,0.1133
1,recover,0.02,4,950,0.1133
1,recover,0.02,4,1000,0.0905
1,recover,0.02,4,1050,0.1904
1,recover,0.02,4,1100,0.2435
1,recover,0.02,4,1150,0.1042
1,recover,0.02,4,1200,0.1139
1,recover,0.02,4,1250,0.1133
1,recover,0.02,4,1300,0.1133
1,recover,0.02,4,1350,0.1133
1,recover,0.02,4,1400,0.1133
1,recover,0.02,4,1450,0.1133
1,recover,0.02,4,1499,0.1133
1,recovery_summary,0.02,4,100,0.3529|0.1133
1,starve,0.02,0,0,0.6328
1,starve,0.02,0,20,0.6488
1,starve,0.02,0,40,0.5537
1,starve,0.02,0,60,0.5111
1,starve,0.02,0,80,0.5000
1,starve,0.02,0,100,0.4242
1,starve,0.02,0,120,0.3353
1,starve,0.02,0,140,0.2513
1,starve,0.02,0,160,0.2246
1,starve,0.02,0,180,0.3304
1,starve,0.02,0,199,0.3467
1,recover,0.02,4,0,0.3516
1,recover,0.02,4,50,0.3229
1,recover,0.02,4,100,0.2988
1,recover,0.02,4,150,0.2005
1,recover,0.02,4,200,0.1807
1,recover,0.02,4,250,0.3031
1,recover,0.02,4,300,0.3975
1,recover,0.02,4,350,0.2744
1,recover,0.02,4,400,0.1921
1,recover,0.02,4,450,0.1133
1,recover,0.02,4,500,0.1133
1,recover,0.02,4,550,0.1149
1,recover,0.02,4,600,0.1133
1,recover,0.02,4,650,0.1133
1,recover,0.02,4,700,0.1133
1,recover,0.02,4,750,0.1133
1,recover,0.02,4,800,0.1133
1,recover,0.02,4,850,0.1133
1,recover,0.02,4,900,0.1133
1,recover,0.02,4,950,0.1133
1,recover,0.02,4,1000,0.1133
1,recover,0.02,4,1050,0.1133
1,recover,0.02,4,1100,0.1133
1,recover,0.02,4,1150,0.1133
1,recover,0.02,4,1200,0.1133
1,recover,0.02,4,1250,0.1133
1,recover,0.02,4,1300,0.1133
1,recover,0.02,4,1350,0.1133
1,recover,0.02,4,1400,0.1133
1,recover,0.02,4,1450,0.1133
1,recover,0.02,4,1499,0.0918
1,recovery_summary,0.02,4,200,0.3420|0.0918
1,starve,0.02,0,0,0.6354
1,starve,0.02,0,40,0.6185
1,starve,0.02,0,80,0.5615
1,starve,0.02,0,120,0.4284
1,starve,0.02,0,160,0.3802
1,starve,0.02,0,200,0.3005
1,starve,0.02,0,240,0.1637
1,starve,0.02,0,280,0.1777
1,starve,0.02,0,320,0.1406
1,starve,0.02,0,360,0.1608
1,starve,0.02,0,399,0.1055
1,recover,0.02,4,0,0.1006
1,recover,0.02,4,50,0.1120
1,recover,0.02,4,100,0.1100
1,recover,0.02,4,150,0.1038
1,recover,0.02,4,200,0.1074
1,recover,0.02,4,250,0.1768
1,recover,0.02,4,300,0.1758
1,recover,0.02,4,350,0.1068
1,recover,0.02,4,400,0.0980
1,recover,0.02,4,450,0.0967
1,recover,0.02,4,500,0.1803
1,recover,0.02,4,550,0.0934
1,recover,0.02,4,600,0.1136
1,recover,0.02,4,650,0.1149
1,recover,0.02,4,700,0.1022
1,recover,0.02,4,750,0.1022
1,recover,0.02,4,800,0.1042
1,recover,0.02,4,850,0.1133
1,recover,0.02,4,900,0.1133
1,recover,0.02,4,950,0.1133
1,recover,0.02,4,1000,0.1133
1,recover,0.02,4,1050,0.1133
1,recover,0.02,4,1100,0.1133
1,recover,0.02,4,1150,0.1133
1,recover,0.02,4,1200,0.1133
1,recover,0.02,4,1250,0.1133
1,recover,0.02,4,1300,0.1133
1,recover,0.02,4,1350,0.1133
1,recover,0.02,4,1400,0.1133
1,recover,0.02,4,1450,0.1133
1,recover,0.02,4,1499,0.1133
1,recovery_summary,0.02,4,400,0.1127|0.1133
1,starve,0.02,0,0,0.6370
1,starve,0.02,0,80,0.4469
1,starve,0.02,0,160,0.2676
1,starve,0.02,0,240,0.2767
1,starve,0.02,0,320,0.2526
1,starve,0.02,0,400,0.2845
1,starve,0.02,0,480,0.2161
1,starve,0.02,0,560,0.1647
1,starve,0.02,0,640,0.1484
1,starve,0.02,0,720,0.1364
1,starve,0.02,0,799,0.1130
1,recover,0.02,4,0,0.1159
1,recover,0.02,4,50,0.2080
1,recover,0.02,4,100,0.1423
1,recover,0.02,4,150,0.1133
1,recover,0.02,4,200,0.1055
1,recover,0.02,4,250,0.1432
1,recover,0.02,4,300,0.1149
1,recover,0.02,4,350,0.1133
1,recover,0.02,4,400,0.1133
1,recover,0.02,4,450,0.1133
1,recover,0.02,4,500,0.1133
1,recover,0.02,4,550,0.1133
1,recover,0.02,4,600,0.1133
1,recover,0.02,4,650,0.1133
1,recover,0.02,4,700,0.1025
1,recover,0.02,4,750,0.1133
1,recover,0.02,4,800,0.1133
1,recover,0.02,4,850,0.1133
1,recover,0.02,4,900,0.1133
1,recover,0.02,4,950,0.1133
1,recover,0.02,4,1000,0.1133
1,recover,0.02,4,1050,0.1133
1,recover,0.02,4,1100,0.1133
1,recover,0.02,4,1150,0.1133
1,recover,0.02,4,1200,0.1133
1,recover,0.02,4,1250,0.1133
1,recover,0.02,4,1300,0.1133
1,recover,0.02,4,1350,0.1133
1,recover,0.02,4,1400,0.1133
1,recover,0.02,4,1450,0.0905
1,recover,0.02,4,1499,0.0905
1,recovery_summary,0.02,4,800,0.1099|0.0905
1,starve,0.02,0,0,0.6396
1,starve,0.02,0,160,0.2604
1,starve,0.02,0,320,0.1657
1,starve,0.02,0,480,0.1794
1,starve,0.02,0,640,0.1309
1,starve,0.02,0,800,0.0980
1,starve,0.02,0,960,0.0957
1,starve,0.02,0,1120,0.0957
1,starve,0.02,0,1280,0.1302
1,starve,0.02,0,1440,0.1592
1,starve,0.02,0,1599,0.1172
1,recover,0.02,4,0,0.1188
1,recover,0.02,4,50,0.1133
1,recover,0.02,4,100,0.1133
1,recover,0.02,4,150,0.1133
1,recover,0.02,4,200,0.1133
1,recover,0.02,4,250,0.1133
1,recover,0.02,4,300,0.1133
1,recover,0.02,4,350,0.1133
1,recover,0.02,4,400,0.1133
1,recover,0.02,4,450,0.1133
1,recover,0.02,4,500,0.1133
1,recover,0.02,4,550,0.1133
1,recover,0.02,4,600,0.1133
1,recover,0.02,4,650,0.1133
1,recover,0.02,4,700,0.1133
1,recover,0.02,4,750,0.1133
1,recover,0.02,4,800,0.1133
1,recover,0.02,4,850,0.1133
1,recover,0.02,4,900,0.1133
1,recover,0.02,4,950,0.1133
1,recover,0.02,4,1000,0.1133
1,recover,0.02,4,1050,0.1133
1,recover,0.02,4,1100,0.1133
1,recover,0.02,4,1150,0.1133
1,recover,0.02,4,1200,0.1133
1,recover,0.02,4,1250,0.1133
1,recover,0.02,4,1300,0.1133
1,recover,0.02,4,1350,0.0905
1,recover,0.02,4,1400,0.0905
1,recover,0.02,4,1450,0.0905
1,recover,0.02,4,1499,0.0905
1,recovery_summary,0.02,4,1600,0.1163|0.0905
2,sweep,0.002,0,0,0.9557
2,sweep,0.002,0,50,0.9567
2,sweep,0.002,0,100,0.9561
2,sweep,0.002,0,150,0.9538
2,sweep,0.002,0,200,0.9528
2,sweep,0.002,0,250,0.9528
2,sweep,0.002,0,300,0.9512
2,sweep,0.002,0,350,0.9508
2,sweep,0.002,0,400,0.9502
2,sweep,0.002,0,450,0.9512
2,sweep,0.002,0,500,0.9512
2,sweep,0.002,0,550,0.9479
2,sweep,0.002,0,600,0.9453
2,sweep,0.002,0,650,0.9466
2,sweep,0.002,0,700,0.9443
2,sweep,0.002,0,750,0.9443
2,sweep,0.002,0,800,0.9447
2,sweep,0.002,0,850,0.9427
2,sweep,0.002,0,900,0.9414
2,sweep,0.002,0,950,0.9434
2,sweep,0.002,0,1000,0.9417
2,sweep,0.002,0,1050,0.9408
2,sweep,0.002,0,1100,0.9440
2,sweep,0.002,0,1150,0.9437
2,sweep,0.002,0,1200,0.9492
2,sweep,0.002,0,1250,0.9479
2,sweep,0.002,0,1300,0.9456
2,sweep,0.002,0,1350,0.9434
2,sweep,0.002,0,1400,0.9453
2,sweep,0.002,0,1450,0.9495
2,sweep,0.002,0,1499,0.9476
2,sweep,0.002,1,0,0.9557
2,sweep,0.002,1,50,0.9567
2,sweep,0.002,1,100,0.9590
2,sweep,0.002,1,150,0.9587
2,sweep,0.002,1,200,0.9583
2,sweep,0.002,1,250,0.9587
2,sweep,0.002,1,300,0.9583
2,sweep,0.002,1,350,0.9583
2,sweep,0.002,1,400,0.9577
2,sweep,0.002,1,450,0.9577
2,sweep,0.002,1,500,0.9590
2,sweep,0.002,1,550,0.9557
2,sweep,0.002,1,600,0.9561
2,sweep,0.002,1,650,0.9564
2,sweep,0.002,1,700,0.9574
2,sweep,0.002,1,750,0.9583
2,sweep,0.002,1,800,0.9567
2,sweep,0.002,1,850,0.9587
2,sweep,0.002,1,900,0.9580
2,sweep,0.002,1,950,0.9567
2,sweep,0.002,1,1000,0.9574
2,sweep,0.002,1,1050,0.9567
2,sweep,0.002,1,1100,0.9561
2,sweep,0.002,1,1150,0.9561
2,sweep,0.002,1,1200,0.9557
2,sweep,0.002,1,1250,0.9580
2,sweep,0.002,1,1300,0.9567
2,sweep,0.002,1,1350,0.9570
2,sweep,0.002,1,1400,0.9554
2,sweep,0.002,1,1450,0.9551
2,sweep,0.002,1,1499,0.9551
2,sweep,0.002,2,0,0.9561
2,sweep,0.002,2,50,0.9570
2,sweep,0.002,2,100,0.9580
2,sweep,0.002,2,150,0.9580
2,sweep,0.002,2,200,0.9583
2,sweep,0.002,2,250,0.9590
2,sweep,0.002,2,300,0.9600
2,sweep,0.002,2,350,0.9590
2,sweep,0.002,2,400,0.9593
2,sweep,0.002,2,450,0.9600
2,sweep,0.002,2,500,0.9613
2,sweep,0.002,2,550,0.9603
2,sweep,0.002,2,600,0.9603
2,sweep,0.002,2,650,0.9603
2,sweep,0.002,2,700,0.9619
2,sweep,0.002,2,750,0.9606
2,sweep,0.002,2,800,0.9609
2,sweep,0.002,2,850,0.9609
2,sweep,0.002,2,900,0.9616
2,sweep,0.002,2,950,0.9622
2,sweep,0.002,2,1000,0.9606
2,sweep,0.002,2,1050,0.9606
2,sweep,0.002,2,1100,0.9606
2,sweep,0.002,2,1150,0.9613
2,sweep,0.002,2,1200,0.9606
2,sweep,0.002,2,1250,0.9590
2,sweep,0.002,2,1300,0.9593
2,sweep,0.002,2,1350,0.9593
2,sweep,0.002,2,1400,0.9564
2,sweep,0.002,2,1450,0.9587
2,sweep,0.002,2,1499,0.9577
2,sweep,0.002,4,0,0.9561
2,sweep,0.002,4,50,0.9580
2,sweep,0.002,4,100,0.9603
2,sweep,0.002,4,150,0.9593
2,sweep,0.002,4,200,0.9596
2,sweep,0.002,4,250,0.9587
2,sweep,0.002,4,300,0.9603
2,sweep,0.002,4,350,0.9596
2,sweep,0.002,4,400,0.9587
2,sweep,0.002,4,450,0.9574
2,sweep,0.002,4,500,0.9593
2,sweep,0.002,4,550,0.9596
2,sweep,0.002,4,600,0.9603
2,sweep,0.002,4,650,0.9583
2,sweep,0.002,4,700,0.9596
2,sweep,0.002,4,750,0.9600
2,sweep,0.002,4,800,0.9593
2,sweep,0.002,4,850,0.9590
2,sweep,0.002,4,900,0.9587
2,sweep,0.002,4,950,0.9600
2,sweep,0.002,4,1000,0.9580
2,sweep,0.002,4,1050,0.9587
2,sweep,0.002,4,1100,0.9593
2,sweep,0.002,4,1150,0.9596
2,sweep,0.002,4,1200,0.9596
2,sweep,0.002,4,1250,0.9596
2,sweep,0.002,4,1300,0.9590
2,sweep,0.002,4,1350,0.9583
2,sweep,0.002,4,1400,0.9583
2,sweep,0.002,4,1450,0.9570
2,sweep,0.002,4,1499,0.9577
2,sweep,0.002,8,0,0.9557
2,sweep,0.002,8,50,0.9603
2,sweep,0.002,8,100,0.9596
2,sweep,0.002,8,150,0.9600
2,sweep,0.002,8,200,0.9600
2,sweep,0.002,8,250,0.9590
2,sweep,0.002,8,300,0.9583
2,sweep,0.002,8,350,0.9600
2,sweep,0.002,8,400,0.9596
2,sweep,0.002,8,450,0.9593
2,sweep,0.002,8,500,0.9590
2,sweep,0.002,8,550,0.9596
2,sweep,0.002,8,600,0.9593
2,sweep,0.002,8,650,0.9580
2,sweep,0.002,8,700,0.9590
2,sweep,0.002,8,750,0.9593
2,sweep,0.002,8,800,0.9577
2,sweep,0.002,8,850,0.9574
2,sweep,0.002,8,900,0.9580
2,sweep,0.002,8,950,0.9590
2,sweep,0.002,8,1000,0.9593
2,sweep,0.002,8,1050,0.9600
2,sweep,0.002,8,1100,0.9596
2,sweep,0.002,8,1150,0.9590
2,sweep,0.002,8,1200,0.9587
2,sweep,0.002,8,1250,0.9590
2,sweep,0.002,8,1300,0.9574
2,sweep,0.002,8,1350,0.9557
2,sweep,0.002,8,1400,0.9564
2,sweep,0.002,8,1450,0.9561
2,sweep,0.002,8,1499,0.9561
2,sweep,0.005,0,0,0.9554
2,sweep,0.005,0,50,0.9561
2,sweep,0.005,0,100,0.9554
2,sweep,0.005,0,150,0.9551
2,sweep,0.005,0,200,0.9554
2,sweep,0.005,0,250,0.9518
2,sweep,0.005,0,300,0.9473
2,sweep,0.005,0,350,0.9460
2,sweep,0.005,0,400,0.9437
2,sweep,0.005,0,450,0.9427
2,sweep,0.005,0,500,0.9417
2,sweep,0.005,0,550,0.9320
2,sweep,0.005,0,600,0.9287
2,sweep,0.005,0,650,0.9310
2,sweep,0.005,0,700,0.9261
2,sweep,0.005,0,750,0.9290
2,sweep,0.005,0,800,0.9248
2,sweep,0.005,0,850,0.9206
2,sweep,0.005,0,900,0.9186
2,sweep,0.005,0,950,0.9020
2,sweep,0.005,0,1000,0.8932
2,sweep,0.005,0,1050,0.8714
2,sweep,0.005,0,1100,0.8656
2,sweep,0.005,0,1150,0.8682
2,sweep,0.005,0,1200,0.8499
2,sweep,0.005,0,1250,0.8314
2,sweep,0.005,0,1300,0.8154
2,sweep,0.005,0,1350,0.8112
2,sweep,0.005,0,1400,0.8037
2,sweep,0.005,0,1450,0.8053
2,sweep,0.005,0,1499,0.8281
2,sweep,0.005,1,0,0.9561
2,sweep,0.005,1,50,0.9551
2,sweep,0.005,1,100,0.9570
2,sweep,0.005,1,150,0.9574
2,sweep,0.005,1,200,0.9577
2,sweep,0.005,1,250,0.9574
2,sweep,0.005,1,300,0.9541
2,sweep,0.005,1,350,0.9551
2,sweep,0.005,1,400,0.9561
2,sweep,0.005,1,450,0.9544
2,sweep,0.005,1,500,0.9551
2,sweep,0.005,1,550,0.9551
2,sweep,0.005,1,600,0.9525
2,sweep,0.005,1,650,0.9538
2,sweep,0.005,1,700,0.9528
2,sweep,0.005,1,750,0.9528
2,sweep,0.005,1,800,0.9535
2,sweep,0.005,1,850,0.9521
2,sweep,0.005,1,900,0.9508
2,sweep,0.005,1,950,0.9508
2,sweep,0.005,1,1000,0.9521
2,sweep,0.005,1,1050,0.9482
2,sweep,0.005,1,1100,0.9489
2,sweep,0.005,1,1150,0.9482
2,sweep,0.005,1,1200,0.9466
2,sweep,0.005,1,1250,0.9450
2,sweep,0.005,1,1300,0.9417
2,sweep,0.005,1,1350,0.9440
2,sweep,0.005,1,1400,0.9417
2,sweep,0.005,1,1450,0.9421
2,sweep,0.005,1,1499,0.9411
2,sweep,0.005,2,0,0.9557
2,sweep,0.005,2,50,0.9583
2,sweep,0.005,2,100,0.9606
2,sweep,0.005,2,150,0.9600
2,sweep,0.005,2,200,0.9609
2,sweep,0.005,2,250,0.9609
2,sweep,0.005,2,300,0.9613
2,sweep,0.005,2,350,0.9606
2,sweep,0.005,2,400,0.9600
2,sweep,0.005,2,450,0.9587
2,sweep,0.005,2,500,0.9587
2,sweep,0.005,2,550,0.9577
2,sweep,0.005,2,600,0.9577
2,sweep,0.005,2,650,0.9554
2,sweep,0.005,2,700,0.9574
2,sweep,0.005,2,750,0.9557
2,sweep,0.005,2,800,0.9551
2,sweep,0.005,2,850,0.9528
2,sweep,0.005,2,900,0.9486
2,sweep,0.005,2,950,0.9531
2,sweep,0.005,2,1000,0.9518
2,sweep,0.005,2,1050,0.9502
2,sweep,0.005,2,1100,0.9512
2,sweep,0.005,2,1150,0.9473
2,sweep,0.005,2,1200,0.9460
2,sweep,0.005,2,1250,0.9502
2,sweep,0.005,2,1300,0.9466
2,sweep,0.005,2,1350,0.9443
2,sweep,0.005,2,1400,0.9408
2,sweep,0.005,2,1450,0.9411
2,sweep,0.005,2,1499,0.9404
2,sweep,0.005,4,0,0.9557
2,sweep,0.005,4,50,0.9561
2,sweep,0.005,4,100,0.9570
2,sweep,0.005,4,150,0.9593
2,sweep,0.005,4,200,0.9593
2,sweep,0.005,4,250,0.9554
2,sweep,0.005,4,300,0.9590
2,sweep,0.005,4,350,0.9590
2,sweep,0.005,4,400,0.9583
2,sweep,0.005,4,450,0.9554
2,sweep,0.005,4,500,0.9561
2,sweep,0.005,4,550,0.9554
2,sweep,0.005,4,600,0.9567
2,sweep,0.005,4,650,0.9548
2,sweep,0.005,4,700,0.9528
2,sweep,0.005,4,750,0.9512
2,sweep,0.005,4,800,0.9512
2,sweep,0.005,4,850,0.9499
2,sweep,0.005,4,900,0.9495
2,sweep,0.005,4,950,0.9495
2,sweep,0.005,4,1000,0.9479
2,sweep,0.005,4,1050,0.9460
2,sweep,0.005,4,1100,0.9466
2,sweep,0.005,4,1150,0.9453
2,sweep,0.005,4,1200,0.9434
2,sweep,0.005,4,1250,0.9424
2,sweep,0.005,4,1300,0.9434
2,sweep,0.005,4,1350,0.9421
2,sweep,0.005,4,1400,0.9382
2,sweep,0.005,4,1450,0.9365
2,sweep,0.005,4,1499,0.9355
2,sweep,0.005,8,0,0.9561
2,sweep,0.005,8,50,0.9593
2,sweep,0.005,8,100,0.9606
2,sweep,0.005,8,150,0.9590
2,sweep,0.005,8,200,0.9596
2,sweep,0.005,8,250,0.9587
2,sweep,0.005,8,300,0.9583
2,sweep,0.005,8,350,0.9570
2,sweep,0.005,8,400,0.9570
2,sweep,0.005,8,450,0.9580
2,sweep,0.005,8,500,0.9596
2,sweep,0.005,8,550,0.9557
2,sweep,0.005,8,600,0.9548
2,sweep,0.005,8,650,0.9554
2,sweep,0.005,8,700,0.9574
2,sweep,0.005,8,750,0.9561
2,sweep,0.005,8,800,0.9521
2,sweep,0.005,8,850,0.9528
2,sweep,0.005,8,900,0.9515
2,sweep,0.005,8,950,0.9515
2,sweep,0.005,8,1000,0.9502
2,sweep,0.005,8,1050,0.9499
2,sweep,0.005,8,1100,0.9502
2,sweep,0.005,8,1150,0.9469
2,sweep,0.005,8,1200,0.9427
2,sweep,0.005,8,1250,0.9424
2,sweep,0.005,8,1300,0.9424
2,sweep,0.005,8,1350,0.9404
2,sweep,0.005,8,1400,0.9382
2,sweep,0.005,8,1450,0.9365
2,sweep,0.005,8,1499,0.9359
2,sweep,0.01,0,0,0.9564
2,sweep,0.01,0,50,0.9495
2,sweep,0.01,0,100,0.9499
2,sweep,0.01,0,150,0.9476
2,sweep,0.01,0,200,0.9401
2,sweep,0.01,0,250,0.9398
2,sweep,0.01,0,300,0.9414
2,sweep,0.01,0,350,0.9391
2,sweep,0.01,0,400,0.9300
2,sweep,0.01,0,450,0.9294
2,sweep,0.01,0,500,0.9382
2,sweep,0.01,0,550,0.9339
2,sweep,0.01,0,600,0.9303
2,sweep,0.01,0,650,0.9329
2,sweep,0.01,0,700,0.9189
2,sweep,0.01,0,750,0.8942
2,sweep,0.01,0,800,0.8789
2,sweep,0.01,0,850,0.8662
2,sweep,0.01,0,900,0.8223
2,sweep,0.01,0,950,0.8151
2,sweep,0.01,0,1000,0.7767
2,sweep,0.01,0,1050,0.7354
2,sweep,0.01,0,1100,0.6989
2,sweep,0.01,0,1150,0.6781
2,sweep,0.01,0,1200,0.6790
2,sweep,0.01,0,1250,0.6361
2,sweep,0.01,0,1300,0.6325
2,sweep,0.01,0,1350,0.5638
2,sweep,0.01,0,1400,0.5020
2,sweep,0.01,0,1450,0.4821
2,sweep,0.01,0,1499,0.4385
2,sweep,0.01,1,0,0.9554
2,sweep,0.01,1,50,0.9580
2,sweep,0.01,1,100,0.9538
2,sweep,0.01,1,150,0.9551
2,sweep,0.01,1,200,0.9574
2,sweep,0.01,1,250,0.9528
2,sweep,0.01,1,300,0.9554
2,sweep,0.01,1,350,0.9525
2,sweep,0.01,1,400,0.9541
2,sweep,0.01,1,450,0.9508
2,sweep,0.01,1,500,0.9466
2,sweep,0.01,1,550,0.9466
2,sweep,0.01,1,600,0.9372
2,sweep,0.01,1,650,0.9346
2,sweep,0.01,1,700,0.9245
2,sweep,0.01,1,750,0.9261
2,sweep,0.01,1,800,0.9193
2,sweep,0.01,1,850,0.9134
2,sweep,0.01,1,900,0.9121
2,sweep,0.01,1,950,0.9121
2,sweep,0.01,1,1000,0.8877
2,sweep,0.01,1,1050,0.8952
2,sweep,0.01,1,1100,0.8877
2,sweep,0.01,1,1150,0.8636
2,sweep,0.01,1,1200,0.8760
2,sweep,0.01,1,1250,0.8600
2,sweep,0.01,1,1300,0.8428
2,sweep,0.01,1,1350,0.8418
2,sweep,0.01,1,1400,0.8102
2,sweep,0.01,1,1450,0.8141
2,sweep,0.01,1,1499,0.8395
2,sweep,0.01,2,0,0.9554
2,sweep,0.01,2,50,0.9564
2,sweep,0.01,2,100,0.9583
2,sweep,0.01,2,150,0.9596
2,sweep,0.01,2,200,0.9590
2,sweep,0.01,2,250,0.9583
2,sweep,0.01,2,300,0.9567
2,sweep,0.01,2,350,0.9580
2,sweep,0.01,2,400,0.9525
2,sweep,0.01,2,450,0.9521
2,sweep,0.01,2,500,0.9505
2,sweep,0.01,2,550,0.9495
2,sweep,0.01,2,600,0.9411
2,sweep,0.01,2,650,0.9391
2,sweep,0.01,2,700,0.9349
2,sweep,0.01,2,750,0.9264
2,sweep,0.01,2,800,0.9333
2,sweep,0.01,2,850,0.9261
2,sweep,0.01,2,900,0.9251
2,sweep,0.01,2,950,0.9144
2,sweep,0.01,2,1000,0.9124
2,sweep,0.01,2,1050,0.9043
2,sweep,0.01,2,1100,0.9030
2,sweep,0.01,2,1150,0.8857
2,sweep,0.01,2,1200,0.8802
2,sweep,0.01,2,1250,0.8626
2,sweep,0.01,2,1300,0.8281
2,sweep,0.01,2,1350,0.8242
2,sweep,0.01,2,1400,0.8193
2,sweep,0.01,2,1450,0.8122
2,sweep,0.01,2,1499,0.7956
2,sweep,0.01,4,0,0.9554
2,sweep,0.01,4,50,0.9574
2,sweep,0.01,4,100,0.9557
2,sweep,0.01,4,150,0.9564
2,sweep,0.01,4,200,0.9561
2,sweep,0.01,4,250,0.9564
2,sweep,0.01,4,300,0.9518
2,sweep,0.01,4,350,0.9525
2,sweep,0.01,4,400,0.9489
2,sweep,0.01,4,450,0.9463
2,sweep,0.01,4,500,0.9473
2,sweep,0.01,4,550,0.9450
2,sweep,0.01,4,600,0.9417
2,sweep,0.01,4,650,0.9391
2,sweep,0.01,4,700,0.9391
2,sweep,0.01,4,750,0.9349
2,sweep,0.01,4,800,0.9248
2,sweep,0.01,4,850,0.9225
2,sweep,0.01,4,900,0.9163
2,sweep,0.01,4,950,0.9053
2,sweep,0.01,4,1000,0.9062
2,sweep,0.01,4,1050,0.8971
2,sweep,0.01,4,1100,0.8923
2,sweep,0.01,4,1150,0.8929
2,sweep,0.01,4,1200,0.8893
2,sweep,0.01,4,1250,0.8779
2,sweep,0.01,4,1300,0.8776
2,sweep,0.01,4,1350,0.8675
2,sweep,0.01,4,1400,0.8662
2,sweep,0.01,4,1450,0.8610
2,sweep,0.01,4,1499,0.8447
2,sweep,0.01,8,0,0.9554
2,sweep,0.01,8,50,0.9587
2,sweep,0.01,8,100,0.9577
2,sweep,0.01,8,150,0.9619
2,sweep,0.01,8,200,0.9587
2,sweep,0.01,8,250,0.9583
2,sweep,0.01,8,300,0.9570
2,sweep,0.01,8,350,0.9574
2,sweep,0.01,8,400,0.9541
2,sweep,0.01,8,450,0.9531
2,sweep,0.01,8,500,0.9508
2,sweep,0.01,8,550,0.9466
2,sweep,0.01,8,600,0.9453
2,sweep,0.01,8,650,0.9430
2,sweep,0.01,8,700,0.9424
2,sweep,0.01,8,750,0.9391
2,sweep,0.01,8,800,0.9352
2,sweep,0.01,8,850,0.9326
2,sweep,0.01,8,900,0.9261
2,sweep,0.01,8,950,0.9202
2,sweep,0.01,8,1000,0.9238
2,sweep,0.01,8,1050,0.9196
2,sweep,0.01,8,1100,0.9154
2,sweep,0.01,8,1150,0.9092
2,sweep,0.01,8,1200,0.9049
2,sweep,0.01,8,1250,0.8984
2,sweep,0.01,8,1300,0.9001
2,sweep,0.01,8,1350,0.8919
2,sweep,0.01,8,1400,0.8887
2,sweep,0.01,8,1450,0.8870
2,sweep,0.01,8,1499,0.8818
2,sweep,0.02,0,0,0.9557
2,sweep,0.02,0,50,0.9544
2,sweep,0.02,0,100,0.9427
2,sweep,0.02,0,150,0.9378
2,sweep,0.02,0,200,0.9290
2,sweep,0.02,0,250,0.9121
2,sweep,0.02,0,300,0.9033
2,sweep,0.02,0,350,0.8379
2,sweep,0.02,0,400,0.7891
2,sweep,0.02,0,450,0.7236
2,sweep,0.02,0,500,0.6624
2,sweep,0.02,0,550,0.6133
2,sweep,0.02,0,600,0.5482
2,sweep,0.02,0,650,0.4932
2,sweep,0.02,0,700,0.4424
2,sweep,0.02,0,750,0.4209
2,sweep,0.02,0,800,0.3389
2,sweep,0.02,0,850,0.3304
2,sweep,0.02,0,900,0.2773
2,sweep,0.02,0,950,0.3066
2,sweep,0.02,0,1000,0.2786
2,sweep,0.02,0,1050,0.2057
2,sweep,0.02,0,1100,0.1615
2,sweep,0.02,0,1150,0.1546
2,sweep,0.02,0,1200,0.1309
2,sweep,0.02,0,1250,0.1270
2,sweep,0.02,0,1300,0.1312
2,sweep,0.02,0,1350,0.1309
2,sweep,0.02,0,1400,0.1003
2,sweep,0.02,0,1450,0.0960
2,sweep,0.02,0,1499,0.0876
2,sweep,0.02,1,0,0.9561
2,sweep,0.02,1,50,0.9521
2,sweep,0.02,1,100,0.9525
2,sweep,0.02,1,150,0.9476
2,sweep,0.02,1,200,0.9502
2,sweep,0.02,1,250,0.9453
2,sweep,0.02,1,300,0.9401
2,sweep,0.02,1,350,0.9359
2,sweep,0.02,1,400,0.9154
2,sweep,0.02,1,450,0.8711
2,sweep,0.02,1,500,0.8089
2,sweep,0.02,1,550,0.8213
2,sweep,0.02,1,600,0.6852
2,sweep,0.02,1,650,0.5866
2,sweep,0.02,1,700,0.5908
2,sweep,0.02,1,750,0.6488
2,sweep,0.02,1,800,0.5589
2,sweep,0.02,1,850,0.4831
2,sweep,0.02,1,900,0.4092
2,sweep,0.02,1,950,0.3968
2,sweep,0.02,1,1000,0.4674
2,sweep,0.02,1,1050,0.4746
2,sweep,0.02,1,1100,0.2819
2,sweep,0.02,1,1150,0.3005
2,sweep,0.02,1,1200,0.2689
2,sweep,0.02,1,1250,0.2959
2,sweep,0.02,1,1300,0.1432
2,sweep,0.02,1,1350,0.1494
2,sweep,0.02,1,1400,0.1536
2,sweep,0.02,1,1450,0.1458
2,sweep,0.02,1,1499,0.1410
2,sweep,0.02,2,0,0.9554
2,sweep,0.02,2,50,0.9600
2,sweep,0.02,2,100,0.9574
2,sweep,0.02,2,150,0.9557
2,sweep,0.02,2,200,0.9535
2,sweep,0.02,2,250,0.9434
2,sweep,0.02,2,300,0.9339
2,sweep,0.02,2,350,0.9320
2,sweep,0.02,2,400,0.9124
2,sweep,0.02,2,450,0.9160
2,sweep,0.02,2,500,0.9134
2,sweep,0.02,2,550,0.8903
2,sweep,0.02,2,600,0.8617
2,sweep,0.02,2,650,0.8835
2,sweep,0.02,2,700,0.7842
2,sweep,0.02,2,750,0.8044
2,sweep,0.02,2,800,0.7588
2,sweep,0.02,2,850,0.7393
2,sweep,0.02,2,900,0.6781
2,sweep,0.02,2,950,0.6686
2,sweep,0.02,2,1000,0.6025
2,sweep,0.02,2,1050,0.5316
2,sweep,0.02,2,1100,0.5130
2,sweep,0.02,2,1150,0.3288
2,sweep,0.02,2,1200,0.2874
2,sweep,0.02,2,1250,0.1895
2,sweep,0.02,2,1300,0.1556
2,sweep,0.02,2,1350,0.1475
2,sweep,0.02,2,1400,0.1104
2,sweep,0.02,2,1450,0.1084
2,sweep,0.02,2,1499,0.1130
2,sweep,0.02,4,0,0.9538
2,sweep,0.02,4,50,0.9593
2,sweep,0.02,4,100,0.9606
2,sweep,0.02,4,150,0.9535
2,sweep,0.02,4,200,0.9528
2,sweep,0.02,4,250,0.9482
2,sweep,0.02,4,300,0.9401
2,sweep,0.02,4,350,0.9336
2,sweep,0.02,4,400,0.9333
2,sweep,0.02,4,450,0.9219
2,sweep,0.02,4,500,0.9121
2,sweep,0.02,4,550,0.9098
2,sweep,0.02,4,600,0.8939
2,sweep,0.02,4,650,0.8760
2,sweep,0.02,4,700,0.8903
2,sweep,0.02,4,750,0.8626
2,sweep,0.02,4,800,0.8555
2,sweep,0.02,4,850,0.8382
2,sweep,0.02,4,900,0.7920
2,sweep,0.02,4,950,0.7386
2,sweep,0.02,4,1000,0.6836
2,sweep,0.02,4,1050,0.7109
2,sweep,0.02,4,1100,0.7018
2,sweep,0.02,4,1150,0.6797
2,sweep,0.02,4,1200,0.6966
2,sweep,0.02,4,1250,0.6995
2,sweep,0.02,4,1300,0.6175
2,sweep,0.02,4,1350,0.6602
2,sweep,0.02,4,1400,0.5986
2,sweep,0.02,4,1450,0.5703
2,sweep,0.02,4,1499,0.5511
2,sweep,0.02,8,0,0.9557
2,sweep,0.02,8,50,0.9567
2,sweep,0.02,8,100,0.9538
2,sweep,0.02,8,150,0.9531
2,sweep,0.02,8,200,0.9502
2,sweep,0.02,8,250,0.9463
2,sweep,0.02,8,300,0.9378
2,sweep,0.02,8,350,0.9313
2,sweep,0.02,8,400,0.9202
2,sweep,0.02,8,450,0.9141
2,sweep,0.02,8,500,0.9010
2,sweep,0.02,8,550,0.8926
2,sweep,0.02,8,600,0.8906
2,sweep,0.02,8,650,0.8796
2,sweep,0.02,8,700,0.8665
2,sweep,0.02,8,750,0.8597
2,sweep,0.02,8,800,0.8239
2,sweep,0.02,8,850,0.8232
2,sweep,0.02,8,900,0.7995
2,sweep,0.02,8,950,0.8105
2,sweep,0.02,8,1000,0.7900
2,sweep,0.02,8,1050,0.7718
2,sweep,0.02,8,1100,0.7881
2,sweep,0.02,8,1150,0.7441
2,sweep,0.02,8,1200,0.7487
2,sweep,0.02,8,1250,0.7507
2,sweep,0.02,8,1300,0.7526
2,sweep,0.02,8,1350,0.7129
2,sweep,0.02,8,1400,0.6882
2,sweep,0.02,8,1450,0.6898
2,sweep,0.02,8,1499,0.6725
2,sweep,0.04,0,0,0.9564
2,sweep,0.04,0,50,0.9463
2,sweep,0.04,0,100,0.9316
2,sweep,0.04,0,150,0.9010
2,sweep,0.04,0,200,0.8441
2,sweep,0.04,0,250,0.8262
2,sweep,0.04,0,300,0.6507
2,sweep,0.04,0,350,0.4336
2,sweep,0.04,0,400,0.2581
2,sweep,0.04,0,450,0.1745
2,sweep,0.04,0,500,0.0957
2,sweep,0.04,0,550,0.1042
2,sweep,0.04,0,600,0.1341
2,sweep,0.04,0,650,0.0921
2,sweep,0.04,0,700,0.1253
2,sweep,0.04,0,750,0.1224
2,sweep,0.04,0,800,0.1100
2,sweep,0.04,0,850,0.0967
2,sweep,0.04,0,900,0.0856
2,sweep,0.04,0,950,0.1051
2,sweep,0.04,0,1000,0.1110
2,sweep,0.04,0,1050,0.1058
2,sweep,0.04,0,1100,0.1087
2,sweep,0.04,0,1150,0.1370
2,sweep,0.04,0,1200,0.1058
2,sweep,0.04,0,1250,0.1058
2,sweep,0.04,0,1300,0.1058
2,sweep,0.04,0,1350,0.1058
2,sweep,0.04,0,1400,0.1058
2,sweep,0.04,0,1450,0.1022
2,sweep,0.04,0,1499,0.1022
2,sweep,0.04,1,0,0.9548
2,sweep,0.04,1,50,0.9486
2,sweep,0.04,1,100,0.9365
2,sweep,0.04,1,150,0.9219
2,sweep,0.04,1,200,0.8779
2,sweep,0.04,1,250,0.8037
2,sweep,0.04,1,300,0.6833
2,sweep,0.04,1,350,0.4632
2,sweep,0.04,1,400,0.3945
2,sweep,0.04,1,450,0.2513
2,sweep,0.04,1,500,0.1859
2,sweep,0.04,1,550,0.1071
2,sweep,0.04,1,600,0.1058
2,sweep,0.04,1,650,0.1058
2,sweep,0.04,1,700,0.1058
2,sweep,0.04,1,750,0.1058
2,sweep,0.04,1,800,0.1058
2,sweep,0.04,1,850,0.1058
2,sweep,0.04,1,900,0.1058
2,sweep,0.04,1,950,0.1058
2,sweep,0.04,1,1000,0.1058
2,sweep,0.04,1,1050,0.1058
2,sweep,0.04,1,1100,0.1058
2,sweep,0.04,1,1150,0.1058
2,sweep,0.04,1,1200,0.1058
2,sweep,0.04,1,1250,0.1058
2,sweep,0.04,1,1300,0.1058
2,sweep,0.04,1,1350,0.1058
2,sweep,0.04,1,1400,0.1058
2,sweep,0.04,1,1450,0.1058
2,sweep,0.04,1,1499,0.1058
2,sweep,0.04,2,0,0.9554
2,sweep,0.04,2,50,0.9430
2,sweep,0.04,2,100,0.9447
2,sweep,0.04,2,150,0.9359
2,sweep,0.04,2,200,0.9040
2,sweep,0.04,2,250,0.7930
2,sweep,0.04,2,300,0.6940
2,sweep,0.04,2,350,0.6217
2,sweep,0.04,2,400,0.5319
2,sweep,0.04,2,450,0.4456
2,sweep,0.04,2,500,0.3636
2,sweep,0.04,2,550,0.3203
2,sweep,0.04,2,600,0.2822
2,sweep,0.04,2,650,0.2367
2,sweep,0.04,2,700,0.1885
2,sweep,0.04,2,750,0.1878
2,sweep,0.04,2,800,0.2096
2,sweep,0.04,2,850,0.1335
2,sweep,0.04,2,900,0.1488
2,sweep,0.04,2,950,0.1087
2,sweep,0.04,2,1000,0.1139
2,sweep,0.04,2,1050,0.1107
2,sweep,0.04,2,1100,0.1029
2,sweep,0.04,2,1150,0.1178
2,sweep,0.04,2,1200,0.1081
2,sweep,0.04,2,1250,0.1283
2,sweep,0.04,2,1300,0.1159
2,sweep,0.04,2,1350,0.1175
2,sweep,0.04,2,1400,0.1133
2,sweep,0.04,2,1450,0.1133
2,sweep,0.04,2,1499,0.1201
2,sweep,0.04,4,0,0.9567
2,sweep,0.04,4,50,0.9521
2,sweep,0.04,4,100,0.9424
2,sweep,0.04,4,150,0.9349
2,sweep,0.04,4,200,0.9206
2,sweep,0.04,4,250,0.8577
2,sweep,0.04,4,300,0.7679
2,sweep,0.04,4,350,0.6725
2,sweep,0.04,4,400,0.5553
2,sweep,0.04,4,450,0.4661
2,sweep,0.04,4,500,0.4134
2,sweep,0.04,4,550,0.3685
2,sweep,0.04,4,600,0.1361
2,sweep,0.04,4,650,0.1136
2,sweep,0.04,4,700,0.1133
2,sweep,0.04,4,750,0.1133
2,sweep,0.04,4,800,0.1133
2,sweep,0.04,4,850,0.1136
2,sweep,0.04,4,900,0.1133
2,sweep,0.04,4,950,0.1133
2,sweep,0.04,4,1000,0.1133
2,sweep,0.04,4,1050,0.1133
2,sweep,0.04,4,1100,0.1035
2,sweep,0.04,4,1150,0.0986
2,sweep,0.04,4,1200,0.0986
2,sweep,0.04,4,1250,0.1510
2,sweep,0.04,4,1300,0.1390
2,sweep,0.04,4,1350,0.1325
2,sweep,0.04,4,1400,0.1058
2,sweep,0.04,4,1450,0.1058
2,sweep,0.04,4,1499,0.1058
2,sweep,0.04,8,0,0.9570
2,sweep,0.04,8,50,0.9557
2,sweep,0.04,8,100,0.9525
2,sweep,0.04,8,150,0.9417
2,sweep,0.04,8,200,0.9248
2,sweep,0.04,8,250,0.8991
2,sweep,0.04,8,300,0.8721
2,sweep,0.04,8,350,0.7969
2,sweep,0.04,8,400,0.7240
2,sweep,0.04,8,450,0.7074
2,sweep,0.04,8,500,0.6462
2,sweep,0.04,8,550,0.6178
2,sweep,0.04,8,600,0.5895
2,sweep,0.04,8,650,0.5615
2,sweep,0.04,8,700,0.5371
2,sweep,0.04,8,750,0.5306
2,sweep,0.04,8,800,0.5303
2,sweep,0.04,8,850,0.3971
2,sweep,0.04,8,900,0.4121
2,sweep,0.04,8,950,0.2770
2,sweep,0.04,8,1000,0.2721
2,sweep,0.04,8,1050,0.2080
2,sweep,0.04,8,1100,0.2679
2,sweep,0.04,8,1150,0.3040
2,sweep,0.04,8,1200,0.1895
2,sweep,0.04,8,1250,0.1309
2,sweep,0.04,8,1300,0.1937
2,sweep,0.04,8,1350,0.2350
2,sweep,0.04,8,1400,0.1989
2,sweep,0.04,8,1450,0.1631
2,sweep,0.04,8,1499,0.1133
2,sweep,0.08,0,0,0.9564
2,sweep,0.08,0,50,0.8447
2,sweep,0.08,0,100,0.4128
2,sweep,0.08,0,150,0.1364
2,sweep,0.08,0,200,0.1364
2,sweep,0.08,0,250,0.1260
2,sweep,0.08,0,300,0.1159
2,sweep,0.08,0,350,0.1224
2,sweep,0.08,0,400,0.0771
2,sweep,0.08,0,450,0.0736
2,sweep,0.08,0,500,0.1016
2,sweep,0.08,0,550,0.0758
2,sweep,0.08,0,600,0.0589
2,sweep,0.08,0,650,0.0869
2,sweep,0.08,0,700,0.1071
2,sweep,0.08,0,750,0.0632
2,sweep,0.08,0,800,0.0622
2,sweep,0.08,0,850,0.1012
2,sweep,0.08,0,900,0.1211
2,sweep,0.08,0,950,0.1097
2,sweep,0.08,0,1000,0.1038
2,sweep,0.08,0,1050,0.1188
2,sweep,0.08,0,1100,0.1263
2,sweep,0.08,0,1150,0.1042
2,sweep,0.08,0,1200,0.1084
2,sweep,0.08,0,1250,0.1507
2,sweep,0.08,0,1300,0.1136
2,sweep,0.08,0,1350,0.1211
2,sweep,0.08,0,1400,0.0404
2,sweep,0.08,0,1450,0.1533
2,sweep,0.08,0,1499,0.1032
2,sweep,0.08,1,0,0.9561
2,sweep,0.08,1,50,0.8643
2,sweep,0.08,1,100,0.6888
2,sweep,0.08,1,150,0.3024
2,sweep,0.08,1,200,0.1722
2,sweep,0.08,1,250,0.1051
2,sweep,0.08,1,300,0.1178
2,sweep,0.08,1,350,0.1012
2,sweep,0.08,1,400,0.1344
2,sweep,0.08,1,450,0.1432
2,sweep,0.08,1,500,0.1289
2,sweep,0.08,1,550,0.0947
2,sweep,0.08,1,600,0.1289
2,sweep,0.08,1,650,0.1279
2,sweep,0.08,1,700,0.1071
2,sweep,0.08,1,750,0.1113
2,sweep,0.08,1,800,0.1302
2,sweep,0.08,1,850,0.1182
2,sweep,0.08,1,900,0.0892
2,sweep,0.08,1,950,0.0762
2,sweep,0.08,1,1000,0.1198
2,sweep,0.08,1,1050,0.1266
2,sweep,0.08,1,1100,0.1715
2,sweep,0.08,1,1150,0.1790
2,sweep,0.08,1,1200,0.0983
2,sweep,0.08,1,1250,0.1126
2,sweep,0.08,1,1300,0.1195
2,sweep,0.08,1,1350,0.1322
2,sweep,0.08,1,1400,0.1058
2,sweep,0.08,1,1450,0.0915
2,sweep,0.08,1,1499,0.0986
2,sweep,0.08,2,0,0.9544
2,sweep,0.08,2,50,0.9144
2,sweep,0.08,2,100,0.7617
2,sweep,0.08,2,150,0.4053
2,sweep,0.08,2,200,0.2826
2,sweep,0.08,2,250,0.1416
2,sweep,0.08,2,300,0.1660
2,sweep,0.08,2,350,0.0947
2,sweep,0.08,2,400,0.1136
2,sweep,0.08,2,450,0.0960
2,sweep,0.08,2,500,0.1260
2,sweep,0.08,2,550,0.1243
2,sweep,0.08,2,600,0.1009
2,sweep,0.08,2,650,0.0954
2,sweep,0.08,2,700,0.0967
2,sweep,0.08,2,750,0.0973
2,sweep,0.08,2,800,0.0830
2,sweep,0.08,2,850,0.1253
2,sweep,0.08,2,900,0.0778
2,sweep,0.08,2,950,0.0915
2,sweep,0.08,2,1000,0.0827
2,sweep,0.08,2,1050,0.1191
2,sweep,0.08,2,1100,0.1400
2,sweep,0.08,2,1150,0.1296
2,sweep,0.08,2,1200,0.1123
2,sweep,0.08,2,1250,0.1045
2,sweep,0.08,2,1300,0.0951
2,sweep,0.08,2,1350,0.1559
2,sweep,0.08,2,1400,0.1195
2,sweep,0.08,2,1450,0.1136
2,sweep,0.08,2,1499,0.1038
2,sweep,0.08,4,0,0.9561
2,sweep,0.08,4,50,0.9430
2,sweep,0.08,4,100,0.8232
2,sweep,0.08,4,150,0.4635
2,sweep,0.08,4,200,0.2848
2,sweep,0.08,4,250,0.1455
2,sweep,0.08,4,300,0.1523
2,sweep,0.08,4,350,0.1390
2,sweep,0.08,4,400,0.1344
2,sweep,0.08,4,450,0.1201
2,sweep,0.08,4,500,0.1400
2,sweep,0.08,4,550,0.1061
2,sweep,0.08,4,600,0.0977
2,sweep,0.08,4,650,0.1227
2,sweep,0.08,4,700,0.1120
2,sweep,0.08,4,750,0.1165
2,sweep,0.08,4,800,0.0898
2,sweep,0.08,4,850,0.1494
2,sweep,0.08,4,900,0.1559
2,sweep,0.08,4,950,0.1621
2,sweep,0.08,4,1000,0.1423
2,sweep,0.08,4,1050,0.1224
2,sweep,0.08,4,1100,0.0859
2,sweep,0.08,4,1150,0.1152
2,sweep,0.08,4,1200,0.1266
2,sweep,0.08,4,1250,0.1094
2,sweep,0.08,4,1300,0.1797
2,sweep,0.08,4,1350,0.1572
2,sweep,0.08,4,1400,0.1299
2,sweep,0.08,4,1450,0.1367
2,sweep,0.08,4,1499,0.1335
2,sweep,0.08,8,0,0.9587
2,sweep,0.08,8,50,0.9450
2,sweep,0.08,8,100,0.8587
2,sweep,0.08,8,150,0.6637
2,sweep,0.08,8,200,0.5654
2,sweep,0.08,8,250,0.4102
2,sweep,0.08,8,300,0.3418
2,sweep,0.08,8,350,0.2288
2,sweep,0.08,8,400,0.2546
2,sweep,0.08,8,450,0.1878
2,sweep,0.08,8,500,0.1641
2,sweep,0.08,8,550,0.1090
2,sweep,0.08,8,600,0.1234
2,sweep,0.08,8,650,0.1309
2,sweep,0.08,8,700,0.1423
2,sweep,0.08,8,750,0.0967
2,sweep,0.08,8,800,0.1165
2,sweep,0.08,8,850,0.1270
2,sweep,0.08,8,900,0.1631
2,sweep,0.08,8,950,0.1204
2,sweep,0.08,8,1000,0.2165
2,sweep,0.08,8,1050,0.1839
2,sweep,0.08,8,1100,0.1530
2,sweep,0.08,8,1150,0.1768
2,sweep,0.08,8,1200,0.1133
2,sweep,0.08,8,1250,0.1309
2,sweep,0.08,8,1300,0.1556
2,sweep,0.08,8,1350,0.1276
2,sweep,0.08,8,1400,0.1260
2,sweep,0.08,8,1450,0.1364
2,sweep,0.08,8,1499,0.0980
2,sweep,0.16,0,0,0.9567
2,sweep,0.16,0,50,0.3402
2,sweep,0.16,0,100,0.0641
2,sweep,0.16,0,150,0.1305
2,sweep,0.16,0,200,0.1263
2,sweep,0.16,0,250,0.0954
2,sweep,0.16,0,300,0.0837
2,sweep,0.16,0,350,0.1465
2,sweep,0.16,0,400,0.0778
2,sweep,0.16,0,450,0.0622
2,sweep,0.16,0,500,0.0684
2,sweep,0.16,0,550,0.0853
2,sweep,0.16,0,600,0.0827
2,sweep,0.16,0,650,0.0807
2,sweep,0.16,0,700,0.1006
2,sweep,0.16,0,750,0.0814
2,sweep,0.16,0,800,0.1133
2,sweep,0.16,0,850,0.1234
2,sweep,0.16,0,900,0.0794
2,sweep,0.16,0,950,0.1331
2,sweep,0.16,0,1000,0.0980
2,sweep,0.16,0,1050,0.0892
2,sweep,0.16,0,1100,0.0996
2,sweep,0.16,0,1150,0.1224
2,sweep,0.16,0,1200,0.0882
2,sweep,0.16,0,1250,0.1100
2,sweep,0.16,0,1300,0.0563
2,sweep,0.16,0,1350,0.1211
2,sweep,0.16,0,1400,0.0807
2,sweep,0.16,0,1450,0.0820
2,sweep,0.16,0,1499,0.1309
2,sweep,0.16,1,0,0.9567
2,sweep,0.16,1,50,0.3590
2,sweep,0.16,1,100,0.1504
2,sweep,0.16,1,150,0.1019
2,sweep,0.16,1,200,0.0840
2,sweep,0.16,1,250,0.1416
2,sweep,0.16,1,300,0.0970
2,sweep,0.16,1,350,0.1761
2,sweep,0.16,1,400,0.1100
2,sweep,0.16,1,450,0.1484
2,sweep,0.16,1,500,0.1468
2,sweep,0.16,1,550,0.1224
2,sweep,0.16,1,600,0.2393
2,sweep,0.16,1,650,0.1921
2,sweep,0.16,1,700,0.1846
2,sweep,0.16,1,750,0.2594
2,sweep,0.16,1,800,0.2087
2,sweep,0.16,1,850,0.3167
2,sweep,0.16,1,900,0.2939
2,sweep,0.16,1,950,0.3408
2,sweep,0.16,1,1000,0.4014
2,sweep,0.16,1,1050,0.3141
2,sweep,0.16,1,1100,0.4639
2,sweep,0.16,1,1150,0.4427
2,sweep,0.16,1,1200,0.4277
2,sweep,0.16,1,1250,0.4665
2,sweep,0.16,1,1300,0.5215
2,sweep,0.16,1,1350,0.4880
2,sweep,0.16,1,1400,0.6009
2,sweep,0.16,1,1450,0.5765
2,sweep,0.16,1,1499,0.4792
2,sweep,0.16,2,0,0.9567
2,sweep,0.16,2,50,0.3314
2,sweep,0.16,2,100,0.1045
2,sweep,0.16,2,150,0.1152
2,sweep,0.16,2,200,0.0745
2,sweep,0.16,2,250,0.1165
2,sweep,0.16,2,300,0.1149
2,sweep,0.16,2,350,0.1309
2,sweep,0.16,2,400,0.1650
2,sweep,0.16,2,450,0.2751
2,sweep,0.16,2,500,0.1644
2,sweep,0.16,2,550,0.2780
2,sweep,0.16,2,600,0.2367
2,sweep,0.16,2,650,0.2920
2,sweep,0.16,2,700,0.2516
2,sweep,0.16,2,750,0.3193
2,sweep,0.16,2,800,0.3213
2,sweep,0.16,2,850,0.4251
2,sweep,0.16,2,900,0.4352
2,sweep,0.16,2,950,0.4915
2,sweep,0.16,2,1000,0.4701
2,sweep,0.16,2,1050,0.5107
2,sweep,0.16,2,1100,0.5205
2,sweep,0.16,2,1150,0.5407
2,sweep,0.16,2,1200,0.5931
2,sweep,0.16,2,1250,0.5973
2,sweep,0.16,2,1300,0.6204
2,sweep,0.16,2,1350,0.6556
2,sweep,0.16,2,1400,0.6003
2,sweep,0.16,2,1450,0.6237
2,sweep,0.16,2,1499,0.5964
2,sweep,0.16,4,0,0.9583
2,sweep,0.16,4,50,0.3301
2,sweep,0.16,4,100,0.1663
2,sweep,0.16,4,150,0.1299
2,sweep,0.16,4,200,0.2272
2,sweep,0.16,4,250,0.1250
2,sweep,0.16,4,300,0.1484
2,sweep,0.16,4,350,0.1413
2,sweep,0.16,4,400,0.2135
2,sweep,0.16,4,450,0.2357
2,sweep,0.16,4,500,0.3154
2,sweep,0.16,4,550,0.2539
2,sweep,0.16,4,600,0.2920
2,sweep,0.16,4,650,0.3001
2,sweep,0.16,4,700,0.3939
2,sweep,0.16,4,750,0.4098
2,sweep,0.16,4,800,0.4248
2,sweep,0.16,4,850,0.5078
2,sweep,0.16,4,900,0.5361
2,sweep,0.16,4,950,0.5605
2,sweep,0.16,4,1000,0.5684
2,sweep,0.16,4,1050,0.5970
2,sweep,0.16,4,1100,0.6543
2,sweep,0.16,4,1150,0.6540
2,sweep,0.16,4,1200,0.6553
2,sweep,0.16,4,1250,0.6400
2,sweep,0.16,4,1300,0.6725
2,sweep,0.16,4,1350,0.6735
2,sweep,0.16,4,1400,0.6260
2,sweep,0.16,4,1450,0.7253
2,sweep,0.16,4,1499,0.6943
2,sweep,0.16,8,0,0.9554
2,sweep,0.16,8,50,0.6579
2,sweep,0.16,8,100,0.2015
2,sweep,0.16,8,150,0.2422
2,sweep,0.16,8,200,0.2272
2,sweep,0.16,8,250,0.2103
2,sweep,0.16,8,300,0.2744
2,sweep,0.16,8,350,0.2340
2,sweep,0.16,8,400,0.2793
2,sweep,0.16,8,450,0.3027
2,sweep,0.16,8,500,0.3766
2,sweep,0.16,8,550,0.3643
2,sweep,0.16,8,600,0.4154
2,sweep,0.16,8,650,0.4840
2,sweep,0.16,8,700,0.4932
2,sweep,0.16,8,750,0.6139
2,sweep,0.16,8,800,0.5387
2,sweep,0.16,8,850,0.6146
2,sweep,0.16,8,900,0.5973
2,sweep,0.16,8,950,0.6432
2,sweep,0.16,8,1000,0.6885
2,sweep,0.16,8,1050,0.6494
2,sweep,0.16,8,1100,0.6810
2,sweep,0.16,8,1150,0.6543
2,sweep,0.16,8,1200,0.7497
2,sweep,0.16,8,1250,0.6963
2,sweep,0.16,8,1300,0.7826
2,sweep,0.16,8,1350,0.7614
2,sweep,0.16,8,1400,0.7565
2,sweep,0.16,8,1450,0.7572
2,sweep,0.16,8,1499,0.7630
2,prelude,0.02,4,0,0.9561
2,prelude,0.02,4,50,0.9580
2,prelude,0.02,4,100,0.9587
2,prelude,0.02,4,150,0.9541
2,prelude,0.02,4,200,0.9518
2,prelude,0.02,4,250,0.9486
2,prelude,0.02,4,300,0.9453
2,prelude,0.02,4,350,0.9372
2,prelude,0.02,4,400,0.9310
2,prelude,0.02,4,450,0.9232
2,prelude,0.02,4,500,0.9056
2,prelude,0.02,4,550,0.8818
2,prelude,0.02,4,600,0.8522
2,prelude,0.02,4,650,0.8509
2,prelude,0.02,4,700,0.8281
2,prelude,0.02,4,750,0.7913
2,prelude,0.02,4,800,0.7943
2,prelude,0.02,4,850,0.7760
2,prelude,0.02,4,900,0.7158
2,prelude,0.02,4,950,0.7178
2,prelude,0.02,4,1000,0.6947
2,prelude,0.02,4,1050,0.6914
2,prelude,0.02,4,1100,0.5765
2,prelude,0.02,4,1150,0.5430
2,prelude,0.02,4,1200,0.5563
2,prelude,0.02,4,1250,0.5368
2,prelude,0.02,4,1300,0.3753
2,prelude,0.02,4,1350,0.4141
2,prelude,0.02,4,1400,0.4076
2,prelude,0.02,4,1450,0.4144
2,prelude,0.02,4,1499,0.3796
2,starve,0.02,0,0,0.3717
2,starve,0.02,0,2,0.3727
2,starve,0.02,0,4,0.3678
2,starve,0.02,0,6,0.3753
2,starve,0.02,0,8,0.3704
2,starve,0.02,0,10,0.3561
2,starve,0.02,0,12,0.3571
2,starve,0.02,0,14,0.3499
2,starve,0.02,0,16,0.3346
2,starve,0.02,0,18,0.3405
2,starve,0.02,0,20,0.3350
2,starve,0.02,0,22,0.3232
2,starve,0.02,0,24,0.3346
2,recover,0.02,4,0,0.3363
2,recover,0.02,4,50,0.3291
2,recover,0.02,4,100,0.2594
2,recover,0.02,4,150,0.2275
2,recover,0.02,4,200,0.2106
2,recover,0.02,4,250,0.2249
2,recover,0.02,4,300,0.2021
2,recover,0.02,4,350,0.1706
2,recover,0.02,4,400,0.1198
2,recover,0.02,4,450,0.1058
2,recover,0.02,4,500,0.1058
2,recover,0.02,4,550,0.1058
2,recover,0.02,4,600,0.1058
2,recover,0.02,4,650,0.1058
2,recover,0.02,4,700,0.1058
2,recover,0.02,4,750,0.1058
2,recover,0.02,4,800,0.1058
2,recover,0.02,4,850,0.1058
2,recover,0.02,4,900,0.1058
2,recover,0.02,4,950,0.0905
2,recover,0.02,4,1000,0.0905
2,recover,0.02,4,1050,0.0905
2,recover,0.02,4,1100,0.0905
2,recover,0.02,4,1150,0.0905
2,recover,0.02,4,1200,0.0905
2,recover,0.02,4,1250,0.0905
2,recover,0.02,4,1300,0.0905
2,recover,0.02,4,1350,0.0905
2,recover,0.02,4,1400,0.1133
2,recover,0.02,4,1450,0.1133
2,recover,0.02,4,1499,0.1133
2,recovery_summary,0.02,4,25,0.3638|0.1133
2,starve,0.02,0,0,0.3743
2,starve,0.02,0,5,0.3652
2,starve,0.02,0,10,0.3281
2,starve,0.02,0,15,0.3330
2,starve,0.02,0,20,0.3057
2,starve,0.02,0,25,0.4587
2,starve,0.02,0,30,0.4339
2,starve,0.02,0,35,0.4193
2,starve,0.02,0,40,0.3991
2,starve,0.02,0,45,0.3743
2,starve,0.02,0,49,0.3678
2,recover,0.02,4,0,0.3688
2,recover,0.02,4,50,0.2975
2,recover,0.02,4,100,0.2604
2,recover,0.02,4,150,0.2503
2,recover,0.02,4,200,0.2165
2,recover,0.02,4,250,0.2067
2,recover,0.02,4,300,0.2028
2,recover,0.02,4,350,0.1494
2,recover,0.02,4,400,0.1305
2,recover,0.02,4,450,0.1146
2,recover,0.02,4,500,0.1136
2,recover,0.02,4,550,0.1133
2,recover,0.02,4,600,0.1133
2,recover,0.02,4,650,0.1133
2,recover,0.02,4,700,0.1133
2,recover,0.02,4,750,0.1133
2,recover,0.02,4,800,0.1133
2,recover,0.02,4,850,0.1133
2,recover,0.02,4,900,0.1133
2,recover,0.02,4,950,0.1133
2,recover,0.02,4,1000,0.1133
2,recover,0.02,4,1050,0.1133
2,recover,0.02,4,1100,0.1133
2,recover,0.02,4,1150,0.1133
2,recover,0.02,4,1200,0.1133
2,recover,0.02,4,1250,0.1133
2,recover,0.02,4,1300,0.1133
2,recover,0.02,4,1350,0.1133
2,recover,0.02,4,1400,0.1133
2,recover,0.02,4,1450,0.1133
2,recover,0.02,4,1499,0.1133
2,recovery_summary,0.02,4,50,0.4102|0.1133
2,starve,0.02,0,0,0.3734
2,starve,0.02,0,10,0.3581
2,starve,0.02,0,20,0.3219
2,starve,0.02,0,30,0.3177
2,starve,0.02,0,40,0.3128
2,starve,0.02,0,50,0.2770
2,starve,0.02,0,60,0.2230
2,starve,0.02,0,70,0.2337
2,starve,0.02,0,80,0.2129
2,starve,0.02,0,90,0.1839
2,starve,0.02,0,99,0.1562
2,recover,0.02,4,0,0.1579
2,recover,0.02,4,50,0.2819
2,recover,0.02,4,100,0.2555
2,recover,0.02,4,150,0.2438
2,recover,0.02,4,200,0.2985
2,recover,0.02,4,250,0.4007
2,recover,0.02,4,300,0.3454
2,recover,0.02,4,350,0.3193
2,recover,0.02,4,400,0.2314
2,recover,0.02,4,450,0.1709
2,recover,0.02,4,500,0.1823
2,recover,0.02,4,550,0.2796
2,recover,0.02,4,600,0.1868
2,recover,0.02,4,650,0.1312
2,recover,0.02,4,700,0.1038
2,recover,0.02,4,750,0.1400
2,recover,0.02,4,800,0.1732
2,recover,0.02,4,850,0.1576
2,recover,0.02,4,900,0.1214
2,recover,0.02,4,950,0.1566
2,recover,0.02,4,1000,0.1559
2,recover,0.02,4,1050,0.1097
2,recover,0.02,4,1100,0.1068
2,recover,0.02,4,1150,0.1133
2,recover,0.02,4,1200,0.1133
2,recover,0.02,4,1250,0.1133
2,recover,0.02,4,1300,0.1133
2,recover,0.02,4,1350,0.1133
2,recover,0.02,4,1400,0.1133
2,recover,0.02,4,1450,0.1133
2,recover,0.02,4,1499,0.1133
2,recovery_summary,0.02,4,100,0.1671|0.1133
2,starve,0.02,0,0,0.3503
2,starve,0.02,0,20,0.3014
2,starve,0.02,0,40,0.2191
2,starve,0.02,0,60,0.2012
2,starve,0.02,0,80,0.1885
2,starve,0.02,0,100,0.1566
2,starve,0.02,0,120,0.1260
2,starve,0.02,0,140,0.1159
2,starve,0.02,0,160,0.1071
2,starve,0.02,0,180,0.1058
2,starve,0.02,0,199,0.1058
2,recover,0.02,4,0,0.1058
2,recover,0.02,4,50,0.1058
2,recover,0.02,4,100,0.1058
2,recover,0.02,4,150,0.1058
2,recover,0.02,4,200,0.1058
2,recover,0.02,4,250,0.1058
2,recover,0.02,4,300,0.1058
2,recover,0.02,4,350,0.1058
2,recover,0.02,4,400,0.1058
2,recover,0.02,4,450,0.1058
2,recover,0.02,4,500,0.1058
2,recover,0.02,4,550,0.1058
2,recover,0.02,4,600,0.1058
2,recover,0.02,4,650,0.1058
2,recover,0.02,4,700,0.1058
2,recover,0.02,4,750,0.1058
2,recover,0.02,4,800,0.1058
2,recover,0.02,4,850,0.1058
2,recover,0.02,4,900,0.0957
2,recover,0.02,4,950,0.0957
2,recover,0.02,4,1000,0.0957
2,recover,0.02,4,1050,0.0957
2,recover,0.02,4,1100,0.0957
2,recover,0.02,4,1150,0.0957
2,recover,0.02,4,1200,0.0957
2,recover,0.02,4,1250,0.0957
2,recover,0.02,4,1300,0.1133
2,recover,0.02,4,1350,0.1133
2,recover,0.02,4,1400,0.1133
2,recover,0.02,4,1450,0.1133
2,recover,0.02,4,1499,0.1133
2,recovery_summary,0.02,4,200,0.0982|0.1133
2,starve,0.02,0,0,0.3704
2,starve,0.02,0,40,0.2380
2,starve,0.02,0,80,0.1956
2,starve,0.02,0,120,0.1911
2,starve,0.02,0,160,0.1592
2,starve,0.02,0,200,0.1081
2,starve,0.02,0,240,0.1058
2,starve,0.02,0,280,0.1058
2,starve,0.02,0,320,0.1058
2,starve,0.02,0,360,0.1058
2,starve,0.02,0,399,0.1058
2,recover,0.02,4,0,0.1058
2,recover,0.02,4,50,0.1058
2,recover,0.02,4,100,0.2340
2,recover,0.02,4,150,0.1865
2,recover,0.02,4,200,0.2041
2,recover,0.02,4,250,0.1139
2,recover,0.02,4,300,0.1136
2,recover,0.02,4,350,0.1133
2,recover,0.02,4,400,0.1133
2,recover,0.02,4,450,0.1133
2,recover,0.02,4,500,0.1133
2,recover,0.02,4,550,0.1133
2,recover,0.02,4,600,0.1133
2,recover,0.02,4,650,0.1133
2,recover,0.02,4,700,0.1133
2,recover,0.02,4,750,0.1133
2,recover,0.02,4,800,0.1133
2,recover,0.02,4,850,0.1133
2,recover,0.02,4,900,0.1133
2,recover,0.02,4,950,0.1133
2,recover,0.02,4,1000,0.1133
2,recover,0.02,4,1050,0.1133
2,recover,0.02,4,1100,0.1133
2,recover,0.02,4,1150,0.1133
2,recover,0.02,4,1200,0.1133
2,recover,0.02,4,1250,0.1133
2,recover,0.02,4,1300,0.1133
2,recover,0.02,4,1350,0.1133
2,recover,0.02,4,1400,0.1133
2,recover,0.02,4,1450,0.1133
2,recover,0.02,4,1499,0.1133
2,recovery_summary,0.02,4,400,0.0982|0.1133
2,starve,0.02,0,0,0.3812
2,starve,0.02,0,80,0.2272
2,starve,0.02,0,160,0.1191
2,starve,0.02,0,240,0.1572
2,starve,0.02,0,320,0.1175
2,starve,0.02,0,400,0.1133
2,starve,0.02,0,480,0.0934
2,starve,0.02,0,560,0.0934
2,starve,0.02,0,640,0.0934
2,starve,0.02,0,720,0.0934
2,starve,0.02,0,799,0.0934
2,recover,0.02,4,0,0.0934
2,recover,0.02,4,50,0.0934
2,recover,0.02,4,100,0.0934
2,recover,0.02,4,150,0.0934
2,recover,0.02,4,200,0.1133
2,recover,0.02,4,250,0.1133
2,recover,0.02,4,300,0.1133
2,recover,0.02,4,350,0.1133
2,recover,0.02,4,400,0.1133
2,recover,0.02,4,450,0.1133
2,recover,0.02,4,500,0.1133
2,recover,0.02,4,550,0.1133
2,recover,0.02,4,600,0.1022
2,recover,0.02,4,650,0.1022
2,recover,0.02,4,700,0.1022
2,recover,0.02,4,750,0.1022
2,recover,0.02,4,800,0.1133
2,recover,0.02,4,850,0.1133
2,recover,0.02,4,900,0.1022
2,recover,0.02,4,950,0.1133
2,recover,0.02,4,1000,0.1133
2,recover,0.02,4,1050,0.1133
2,recover,0.02,4,1100,0.1133
2,recover,0.02,4,1150,0.1133
2,recover,0.02,4,1200,0.1133
2,recover,0.02,4,1250,0.1133
2,recover,0.02,4,1300,0.1022
2,recover,0.02,4,1350,0.1022
2,recover,0.02,4,1400,0.1022
2,recover,0.02,4,1450,0.1022
2,recover,0.02,4,1499,0.1022
2,recovery_summary,0.02,4,800,0.0892|0.1022
2,starve,0.02,0,0,0.3812
2,starve,0.02,0,160,0.1214
2,starve,0.02,0,320,0.1058
2,starve,0.02,0,480,0.1058
2,starve,0.02,0,640,0.1058
2,starve,0.02,0,800,0.1058
2,starve,0.02,0,960,0.1058
2,starve,0.02,0,1120,0.1058
2,starve,0.02,0,1280,0.1058
2,starve,0.02,0,1440,0.1058
2,starve,0.02,0,1599,0.1042
2,recover,0.02,4,0,0.1042
2,recover,0.02,4,50,0.1042
2,recover,0.02,4,100,0.1042
2,recover,0.02,4,150,0.1042
2,recover,0.02,4,200,0.1042
2,recover,0.02,4,250,0.1042
2,recover,0.02,4,300,0.1042
2,recover,0.02,4,350,0.1042
2,recover,0.02,4,400,0.1042
2,recover,0.02,4,450,0.1042
2,recover,0.02,4,500,0.1042
2,recover,0.02,4,550,0.1042
2,recover,0.02,4,600,0.1042
2,recover,0.02,4,650,0.1042
2,recover,0.02,4,700,0.1042
2,recover,0.02,4,750,0.1042
2,recover,0.02,4,800,0.1042
2,recover,0.02,4,850,0.1042
2,recover,0.02,4,900,0.1042
2,recover,0.02,4,950,0.1133
2,recover,0.02,4,1000,0.1133
2,recover,0.02,4,1050,0.1133
2,recover,0.02,4,1100,0.1133
2,recover,0.02,4,1150,0.1133
2,recover,0.02,4,1200,0.1133
2,recover,0.02,4,1250,0.0986
2,recover,0.02,4,1300,0.1042
2,recover,0.02,4,1350,0.1042
2,recover,0.02,4,1400,0.1042
2,recover,0.02,4,1450,0.1042
2,recover,0.02,4,1499,0.1133
2,recovery_summary,0.02,4,1600,0.1010|0.1133
3,sweep,0.002,0,0,0.9561
3,sweep,0.002,0,50,0.9561
3,sweep,0.002,0,100,0.9554
3,sweep,0.002,0,150,0.9567
3,sweep,0.002,0,200,0.9551
3,sweep,0.002,0,250,0.9564
3,sweep,0.002,0,300,0.9583
3,sweep,0.002,0,350,0.9551
3,sweep,0.002,0,400,0.9528
3,sweep,0.002,0,450,0.9538
3,sweep,0.002,0,500,0.9548
3,sweep,0.002,0,550,0.9538
3,sweep,0.002,0,600,0.9538
3,sweep,0.002,0,650,0.9548
3,sweep,0.002,0,700,0.9531
3,sweep,0.002,0,750,0.9551
3,sweep,0.002,0,800,0.9535
3,sweep,0.002,0,850,0.9518
3,sweep,0.002,0,900,0.9502
3,sweep,0.002,0,950,0.9499
3,sweep,0.002,0,1000,0.9499
3,sweep,0.002,0,1050,0.9515
3,sweep,0.002,0,1100,0.9515
3,sweep,0.002,0,1150,0.9486
3,sweep,0.002,0,1200,0.9495
3,sweep,0.002,0,1250,0.9489
3,sweep,0.002,0,1300,0.9479
3,sweep,0.002,0,1350,0.9489
3,sweep,0.002,0,1400,0.9482
3,sweep,0.002,0,1450,0.9473
3,sweep,0.002,0,1499,0.9460
3,sweep,0.002,1,0,0.9557
3,sweep,0.002,1,50,0.9574
3,sweep,0.002,1,100,0.9574
3,sweep,0.002,1,150,0.9574
3,sweep,0.002,1,200,0.9567
3,sweep,0.002,1,250,0.9577
3,sweep,0.002,1,300,0.9590
3,sweep,0.002,1,350,0.9603
3,sweep,0.002,1,400,0.9600
3,sweep,0.002,1,450,0.9593
3,sweep,0.002,1,500,0.9606
3,sweep,0.002,1,550,0.9593
3,sweep,0.002,1,600,0.9577
3,sweep,0.002,1,650,0.9583
3,sweep,0.002,1,700,0.9577
3,sweep,0.002,1,750,0.9593
3,sweep,0.002,1,800,0.9587
3,sweep,0.002,1,850,0.9587
3,sweep,0.002,1,900,0.9564
3,sweep,0.002,1,950,0.9561
3,sweep,0.002,1,1000,0.9554
3,sweep,0.002,1,1050,0.9561
3,sweep,0.002,1,1100,0.9567
3,sweep,0.002,1,1150,0.9574
3,sweep,0.002,1,1200,0.9577
3,sweep,0.002,1,1250,0.9580
3,sweep,0.002,1,1300,0.9570
3,sweep,0.002,1,1350,0.9583
3,sweep,0.002,1,1400,0.9596
3,sweep,0.002,1,1450,0.9567
3,sweep,0.002,1,1499,0.9587
3,sweep,0.002,2,0,0.9554
3,sweep,0.002,2,50,0.9587
3,sweep,0.002,2,100,0.9580
3,sweep,0.002,2,150,0.9590
3,sweep,0.002,2,200,0.9587
3,sweep,0.002,2,250,0.9583
3,sweep,0.002,2,300,0.9596
3,sweep,0.002,2,350,0.9600
3,sweep,0.002,2,400,0.9587
3,sweep,0.002,2,450,0.9606
3,sweep,0.002,2,500,0.9600
3,sweep,0.002,2,550,0.9609
3,sweep,0.002,2,600,0.9600
3,sweep,0.002,2,650,0.9587
3,sweep,0.002,2,700,0.9593
3,sweep,0.002,2,750,0.9577
3,sweep,0.002,2,800,0.9596
3,sweep,0.002,2,850,0.9577
3,sweep,0.002,2,900,0.9590
3,sweep,0.002,2,950,0.9587
3,sweep,0.002,2,1000,0.9577
3,sweep,0.002,2,1050,0.9583
3,sweep,0.002,2,1100,0.9554
3,sweep,0.002,2,1150,0.9561
3,sweep,0.002,2,1200,0.9570
3,sweep,0.002,2,1250,0.9561
3,sweep,0.002,2,1300,0.9561
3,sweep,0.002,2,1350,0.9557
3,sweep,0.002,2,1400,0.9567
3,sweep,0.002,2,1450,0.9557
3,sweep,0.002,2,1499,0.9557
3,sweep,0.002,4,0,0.9557
3,sweep,0.002,4,50,0.9574
3,sweep,0.002,4,100,0.9619
3,sweep,0.002,4,150,0.9626
3,sweep,0.002,4,200,0.9616
3,sweep,0.002,4,250,0.9619
3,sweep,0.002,4,300,0.9603
3,sweep,0.002,4,350,0.9593
3,sweep,0.002,4,400,0.9596
3,sweep,0.002,4,450,0.9609
3,sweep,0.002,4,500,0.9590
3,sweep,0.002,4,550,0.9603
3,sweep,0.002,4,600,0.9609
3,sweep,0.002,4,650,0.9600
3,sweep,0.002,4,700,0.9593
3,sweep,0.002,4,750,0.9593
3,sweep,0.002,4,800,0.9580
3,sweep,0.002,4,850,0.9587
3,sweep,0.002,4,900,0.9590
3,sweep,0.002,4,950,0.9593
3,sweep,0.002,4,1000,0.9590
3,sweep,0.002,4,1050,0.9616
3,sweep,0.002,4,1100,0.9609
3,sweep,0.002,4,1150,0.9606
3,sweep,0.002,4,1200,0.9583
3,sweep,0.002,4,1250,0.9583
3,sweep,0.002,4,1300,0.9580
3,sweep,0.002,4,1350,0.9583
3,sweep,0.002,4,1400,0.9587
3,sweep,0.002,4,1450,0.9590
3,sweep,0.002,4,1499,0.9583
3,sweep,0.002,8,0,0.9557
3,sweep,0.002,8,50,0.9593
3,sweep,0.002,8,100,0.9600
3,sweep,0.002,8,150,0.9596
3,sweep,0.002,8,200,0.9600
3,sweep,0.002,8,250,0.9593
3,sweep,0.002,8,300,0.9593
3,sweep,0.002,8,350,0.9600
3,sweep,0.002,8,400,0.9616
3,sweep,0.002,8,450,0.9619
3,sweep,0.002,8,500,0.9609
3,sweep,0.002,8,550,0.9613
3,sweep,0.002,8,600,0.9619
3,sweep,0.002,8,650,0.9622
3,sweep,0.002,8,700,0.9606
3,sweep,0.002,8,750,0.9626
3,sweep,0.002,8,800,0.9606
3,sweep,0.002,8,850,0.9600
3,sweep,0.002,8,900,0.9600
3,sweep,0.002,8,950,0.9590
3,sweep,0.002,8,1000,0.9593
3,sweep,0.002,8,1050,0.9580
3,sweep,0.002,8,1100,0.9587
3,sweep,0.002,8,1150,0.9593
3,sweep,0.002,8,1200,0.9590
3,sweep,0.002,8,1250,0.9596
3,sweep,0.002,8,1300,0.9577
3,sweep,0.002,8,1350,0.9577
3,sweep,0.002,8,1400,0.9583
3,sweep,0.002,8,1450,0.9577
3,sweep,0.002,8,1499,0.9593
3,sweep,0.005,0,0,0.9554
3,sweep,0.005,0,50,0.9570
3,sweep,0.005,0,100,0.9541
3,sweep,0.005,0,150,0.9564
3,sweep,0.005,0,200,0.9528
3,sweep,0.005,0,250,0.9538
3,sweep,0.005,0,300,0.9544
3,sweep,0.005,0,350,0.9603
3,sweep,0.005,0,400,0.9548
3,sweep,0.005,0,450,0.9473
3,sweep,0.005,0,500,0.9486
3,sweep,0.005,0,550,0.9414
3,sweep,0.005,0,600,0.9421
3,sweep,0.005,0,650,0.9382
3,sweep,0.005,0,700,0.9408
3,sweep,0.005,0,750,0.9342
3,sweep,0.005,0,800,0.9375
3,sweep,0.005,0,850,0.9303
3,sweep,0.005,0,900,0.9264
3,sweep,0.005,0,950,0.9294
3,sweep,0.005,0,1000,0.9225
3,sweep,0.005,0,1050,0.9229
3,sweep,0.005,0,1100,0.9251
3,sweep,0.005,0,1150,0.9206
3,sweep,0.005,0,1200,0.8997
3,sweep,0.005,0,1250,0.8926
3,sweep,0.005,0,1300,0.8942
3,sweep,0.005,0,1350,0.8916
3,sweep,0.005,0,1400,0.8962
3,sweep,0.005,0,1450,0.8844
3,sweep,0.005,0,1499,0.8822
3,sweep,0.005,1,0,0.9554
3,sweep,0.005,1,50,0.9551
3,sweep,0.005,1,100,0.9554
3,sweep,0.005,1,150,0.9567
3,sweep,0.005,1,200,0.9577
3,sweep,0.005,1,250,0.9561
3,sweep,0.005,1,300,0.9583
3,sweep,0.005,1,350,0.9577
3,sweep,0.005,1,400,0.9583
3,sweep,0.005,1,450,0.9580
3,sweep,0.005,1,500,0.9580
3,sweep,0.005,1,550,0.9554
3,sweep,0.005,1,600,0.9551
3,sweep,0.005,1,650,0.9544
3,sweep,0.005,1,700,0.9525
3,sweep,0.005,1,750,0.9502
3,sweep,0.005,1,800,0.9486
3,sweep,0.005,1,850,0.9495
3,sweep,0.005,1,900,0.9505
3,sweep,0.005,1,950,0.9521
3,sweep,0.005,1,1000,0.9515
3,sweep,0.005,1,1050,0.9476
3,sweep,0.005,1,1100,0.9460
3,sweep,0.005,1,1150,0.9482
3,sweep,0.005,1,1200,0.9424
3,sweep,0.005,1,1250,0.9372
3,sweep,0.005,1,1300,0.9398
3,sweep,0.005,1,1350,0.9395
3,sweep,0.005,1,1400,0.9401
3,sweep,0.005,1,1450,0.9359
3,sweep,0.005,1,1499,0.9339
3,sweep,0.005,2,0,0.9557
3,sweep,0.005,2,50,0.9561
3,sweep,0.005,2,100,0.9580
3,sweep,0.005,2,150,0.9574
3,sweep,0.005,2,200,0.9603
3,sweep,0.005,2,250,0.9616
3,sweep,0.005,2,300,0.9613
3,sweep,0.005,2,350,0.9613
3,sweep,0.005,2,400,0.9606
3,sweep,0.005,2,450,0.9609
3,sweep,0.005,2,500,0.9593
3,sweep,0.005,2,550,0.9583
3,sweep,0.005,2,600,0.9561
3,sweep,0.005,2,650,0.9577
3,sweep,0.005,2,700,0.9541
3,sweep,0.005,2,750,0.9557
3,sweep,0.005,2,800,0.9554
3,sweep,0.005,2,850,0.9567
3,sweep,0.005,2,900,0.9541
3,sweep,0.005,2,950,0.9551
3,sweep,0.005,2,1000,0.9515
3,sweep,0.005,2,1050,0.9544
3,sweep,0.005,2,1100,0.9476
3,sweep,0.005,2,1150,0.9482
3,sweep,0.005,2,1200,0.9476
3,sweep,0.005,2,1250,0.9460
3,sweep,0.005,2,1300,0.9421
3,sweep,0.005,2,1350,0.9408
3,sweep,0.005,2,1400,0.9375
3,sweep,0.005,2,1450,0.9333
3,sweep,0.005,2,1499,0.9316
3,sweep,0.005,4,0,0.9561
3,sweep,0.005,4,50,0.9580
3,sweep,0.005,4,100,0.9590
3,sweep,0.005,4,150,0.9587
3,sweep,0.005,4,200,0.9583
3,sweep,0.005,4,250,0.9583
3,sweep,0.005,4,300,0.9606
3,sweep,0.005,4,350,0.9577
3,sweep,0.005,4,400,0.9554
3,sweep,0.005,4,450,0.9557
3,sweep,0.005,4,500,0.9535
3,sweep,0.005,4,550,0.9567
3,sweep,0.005,4,600,0.9577
3,sweep,0.005,4,650,0.9541
3,sweep,0.005,4,700,0.9548
3,sweep,0.005,4,750,0.9544
3,sweep,0.005,4,800,0.9557
3,sweep,0.005,4,850,0.9548
3,sweep,0.005,4,900,0.9544
3,sweep,0.005,4,950,0.9502
3,sweep,0.005,4,1000,0.9515
3,sweep,0.005,4,1050,0.9486
3,sweep,0.005,4,1100,0.9486
3,sweep,0.005,4,1150,0.9443
3,sweep,0.005,4,1200,0.9450
3,sweep,0.005,4,1250,0.9424
3,sweep,0.005,4,1300,0.9404
3,sweep,0.005,4,1350,0.9398
3,sweep,0.005,4,1400,0.9398
3,sweep,0.005,4,1450,0.9365
3,sweep,0.005,4,1499,0.9346
3,sweep,0.005,8,0,0.9554
3,sweep,0.005,8,50,0.9590
3,sweep,0.005,8,100,0.9609
3,sweep,0.005,8,150,0.9609
3,sweep,0.005,8,200,0.9603
3,sweep,0.005,8,250,0.9600
3,sweep,0.005,8,300,0.9600
3,sweep,0.005,8,350,0.9596
3,sweep,0.005,8,400,0.9567
3,sweep,0.005,8,450,0.9570
3,sweep,0.005,8,500,0.9557
3,sweep,0.005,8,550,0.9548
3,sweep,0.005,8,600,0.9528
3,sweep,0.005,8,650,0.9535
3,sweep,0.005,8,700,0.9518
3,sweep,0.005,8,750,0.9525
3,sweep,0.005,8,800,0.9518
3,sweep,0.005,8,850,0.9512
3,sweep,0.005,8,900,0.9492
3,sweep,0.005,8,950,0.9502
3,sweep,0.005,8,1000,0.9499
3,sweep,0.005,8,1050,0.9489
3,sweep,0.005,8,1100,0.9460
3,sweep,0.005,8,1150,0.9476
3,sweep,0.005,8,1200,0.9437
3,sweep,0.005,8,1250,0.9434
3,sweep,0.005,8,1300,0.9424
3,sweep,0.005,8,1350,0.9417
3,sweep,0.005,8,1400,0.9372
3,sweep,0.005,8,1450,0.9365
3,sweep,0.005,8,1499,0.9365
3,sweep,0.01,0,0,0.9567
3,sweep,0.01,0,50,0.9502
3,sweep,0.01,0,100,0.9450
3,sweep,0.01,0,150,0.9421
3,sweep,0.01,0,200,0.9352
3,sweep,0.01,0,250,0.9365
3,sweep,0.01,0,300,0.9349
3,sweep,0.01,0,350,0.9235
3,sweep,0.01,0,400,0.9095
3,sweep,0.01,0,450,0.9111
3,sweep,0.01,0,500,0.8929
3,sweep,0.01,0,550,0.9066
3,sweep,0.01,0,600,0.8757
3,sweep,0.01,0,650,0.8597
3,sweep,0.01,0,700,0.8675
3,sweep,0.01,0,750,0.8620
3,sweep,0.01,0,800,0.8285
3,sweep,0.01,0,850,0.8001
3,sweep,0.01,0,900,0.7897
3,sweep,0.01,0,950,0.8018
3,sweep,0.01,0,1000,0.8122
3,sweep,0.01,0,1050,0.7637
3,sweep,0.01,0,1100,0.7689
3,sweep,0.01,0,1150,0.7425
3,sweep,0.01,0,1200,0.7025
3,sweep,0.01,0,1250,0.6748
3,sweep,0.01,0,1300,0.6774
3,sweep,0.01,0,1350,0.5951
3,sweep,0.01,0,1400,0.5088
3,sweep,0.01,0,1450,0.5186
3,sweep,0.01,0,1499,0.5615
3,sweep,0.01,1,0,0.9554
3,sweep,0.01,1,50,0.9577
3,sweep,0.01,1,100,0.9577
3,sweep,0.01,1,150,0.9577
3,sweep,0.01,1,200,0.9551
3,sweep,0.01,1,250,0.9528
3,sweep,0.01,1,300,0.9541
3,sweep,0.01,1,350,0.9538
3,sweep,0.01,1,400,0.9525
3,sweep,0.01,1,450,0.9502
3,sweep,0.01,1,500,0.9479
3,sweep,0.01,1,550,0.9463
3,sweep,0.01,1,600,0.9450
3,sweep,0.01,1,650,0.9398
3,sweep,0.01,1,700,0.9359
3,sweep,0.01,1,750,0.9271
3,sweep,0.01,1,800,0.9258
3,sweep,0.01,1,850,0.9186
3,sweep,0.01,1,900,0.9043
3,sweep,0.01,1,950,0.8981
3,sweep,0.01,1,1000,0.9007
3,sweep,0.01,1,1050,0.8815
3,sweep,0.01,1,1100,0.8818
3,sweep,0.01,1,1150,0.8835
3,sweep,0.01,1,1200,0.8724
3,sweep,0.01,1,1250,0.8535
3,sweep,0.01,1,1300,0.8379
3,sweep,0.01,1,1350,0.8128
3,sweep,0.01,1,1400,0.7822
3,sweep,0.01,1,1450,0.8034
3,sweep,0.01,1,1499,0.7988
3,sweep,0.01,2,0,0.9557
3,sweep,0.01,2,50,0.9574
3,sweep,0.01,2,100,0.9567
3,sweep,0.01,2,150,0.9564
3,sweep,0.01,2,200,0.9531
3,sweep,0.01,2,250,0.9508
3,sweep,0.01,2,300,0.9518
3,sweep,0.01,2,350,0.9486
3,sweep,0.01,2,400,0.9482
3,sweep,0.01,2,450,0.9495
3,sweep,0.01,2,500,0.9473
3,sweep,0.01,2,550,0.9430
3,sweep,0.01,2,600,0.9401
3,sweep,0.01,2,650,0.9359
3,sweep,0.01,2,700,0.9303
3,sweep,0.01,2,750,0.9300
3,sweep,0.01,2,800,0.9294
3,sweep,0.01,2,850,0.9212
3,sweep,0.01,2,900,0.9150
3,sweep,0.01,2,950,0.9115
3,sweep,0.01,2,1000,0.9079
3,sweep,0.01,2,1050,0.8965
3,sweep,0.01,2,1100,0.8932
3,sweep,0.01,2,1150,0.8734
3,sweep,0.01,2,1200,0.8750
3,sweep,0.01,2,1250,0.8711
3,sweep,0.01,2,1300,0.8607
3,sweep,0.01,2,1350,0.8688
3,sweep,0.01,2,1400,0.8509
3,sweep,0.01,2,1450,0.8047
3,sweep,0.01,2,1499,0.8340
3,sweep,0.01,4,0,0.9561
3,sweep,0.01,4,50,0.9574
3,sweep,0.01,4,100,0.9567
3,sweep,0.01,4,150,0.9570
3,sweep,0.01,4,200,0.9564
3,sweep,0.01,4,250,0.9548
3,sweep,0.01,4,300,0.9541
3,sweep,0.01,4,350,0.9557
3,sweep,0.01,4,400,0.9535
3,sweep,0.01,4,450,0.9538
3,sweep,0.01,4,500,0.9505
3,sweep,0.01,4,550,0.9482
3,sweep,0.01,4,600,0.9476
3,sweep,0.01,4,650,0.9421
3,sweep,0.01,4,700,0.9385
3,sweep,0.01,4,750,0.9333
3,sweep,0.01,4,800,0.9320
3,sweep,0.01,4,850,0.9281
3,sweep,0.01,4,900,0.9206
3,sweep,0.01,4,950,0.9089
3,sweep,0.01,4,1000,0.9121
3,sweep,0.01,4,1050,0.9043
3,sweep,0.01,4,1100,0.9004
3,sweep,0.01,4,1150,0.8955
3,sweep,0.01,4,1200,0.8857
3,sweep,0.01,4,1250,0.8870
3,sweep,0.01,4,1300,0.8841
3,sweep,0.01,4,1350,0.8786
3,sweep,0.01,4,1400,0.8711
3,sweep,0.01,4,1450,0.8711
3,sweep,0.01,4,1499,0.8678
3,sweep,0.01,8,0,0.9554
3,sweep,0.01,8,50,0.9583
3,sweep,0.01,8,100,0.9606
3,sweep,0.01,8,150,0.9606
3,sweep,0.01,8,200,0.9603
3,sweep,0.01,8,250,0.9577
3,sweep,0.01,8,300,0.9554
3,sweep,0.01,8,350,0.9561
3,sweep,0.01,8,400,0.9531
3,sweep,0.01,8,450,0.9535
3,sweep,0.01,8,500,0.9482
3,sweep,0.01,8,550,0.9456
3,sweep,0.01,8,600,0.9443
3,sweep,0.01,8,650,0.9437
3,sweep,0.01,8,700,0.9388
3,sweep,0.01,8,750,0.9336
3,sweep,0.01,8,800,0.9355
3,sweep,0.01,8,850,0.9307
3,sweep,0.01,8,900,0.9229
3,sweep,0.01,8,950,0.9225
3,sweep,0.01,8,1000,0.9167
3,sweep,0.01,8,1050,0.9173
3,sweep,0.01,8,1100,0.9102
3,sweep,0.01,8,1150,0.9076
3,sweep,0.01,8,1200,0.9098
3,sweep,0.01,8,1250,0.8975
3,sweep,0.01,8,1300,0.8923
3,sweep,0.01,8,1350,0.8910
3,sweep,0.01,8,1400,0.8867
3,sweep,0.01,8,1450,0.8874
3,sweep,0.01,8,1499,0.8786
3,sweep,0.02,0,0,0.9554
3,sweep,0.02,0,50,0.9574
3,sweep,0.02,0,100,0.9538
3,sweep,0.02,0,150,0.9447
3,sweep,0.02,0,200,0.9342
3,sweep,0.02,0,250,0.9287
3,sweep,0.02,0,300,0.9193
3,sweep,0.02,0,350,0.9102
3,sweep,0.02,0,400,0.8682
3,sweep,0.02,0,450,0.8522
3,sweep,0.02,0,500,0.8535
3,sweep,0.02,0,550,0.7712
3,sweep,0.02,0,600,0.6901
3,sweep,0.02,0,650,0.5218
3,sweep,0.02,0,700,0.4157
3,sweep,0.02,0,750,0.3779
3,sweep,0.02,0,800,0.3770
3,sweep,0.02,0,850,0.3525
3,sweep,0.02,0,900,0.3031
3,sweep,0.02,0,950,0.2337
3,sweep,0.02,0,1000,0.2773
3,sweep,0.02,0,1050,0.2591
3,sweep,0.02,0,1100,0.1888
3,sweep,0.02,0,1150,0.1429
3,sweep,0.02,0,1200,0.1143
3,sweep,0.02,0,1250,0.1445
3,sweep,0.02,0,1300,0.1221
3,sweep,0.02,0,1350,0.0947
3,sweep,0.02,0,1400,0.1149
3,sweep,0.02,0,1450,0.1081
3,sweep,0.02,0,1499,0.1165
3,sweep,0.02,1,0,0.9541
3,sweep,0.02,1,50,0.9538
3,sweep,0.02,1,100,0.9538
3,sweep,0.02,1,150,0.9535
3,sweep,0.02,1,200,0.9525
3,sweep,0.02,1,250,0.9440
3,sweep,0.02,1,300,0.9424
3,sweep,0.02,1,350,0.9316
3,sweep,0.02,1,400,0.9141
3,sweep,0.02,1,450,0.8870
3,sweep,0.02,1,500,0.8818
3,sweep,0.02,1,550,0.8538
3,sweep,0.02,1,600,0.8350
3,sweep,0.02,1,650,0.8005
3,sweep,0.02,1,700,0.7347
3,sweep,0.02,1,750,0.7500
3,sweep,0.02,1,800,0.7057
3,sweep,0.02,1,850,0.5830
3,sweep,0.02,1,900,0.4629
3,sweep,0.02,1,950,0.3844
3,sweep,0.02,1,1000,0.4434
3,sweep,0.02,1,1050,0.5068
3,sweep,0.02,1,1100,0.3626
3,sweep,0.02,1,1150,0.3115
3,sweep,0.02,1,1200,0.2611
3,sweep,0.02,1,1250,0.2279
3,sweep,0.02,1,1300,0.2575
3,sweep,0.02,1,1350,0.1396
3,sweep,0.02,1,1400,0.1253
3,sweep,0.02,1,1450,0.1048
3,sweep,0.02,1,1499,0.1302
3,sweep,0.02,2,0,0.9561
3,sweep,0.02,2,50,0.9554
3,sweep,0.02,2,100,0.9570
3,sweep,0.02,2,150,0.9587
3,sweep,0.02,2,200,0.9528
3,sweep,0.02,2,250,0.9476
3,sweep,0.02,2,300,0.9424
3,sweep,0.02,2,350,0.9417
3,sweep,0.02,2,400,0.9212
3,sweep,0.02,2,450,0.9170
3,sweep,0.02,2,500,0.8835
3,sweep,0.02,2,550,0.8555
3,sweep,0.02,2,600,0.8392
3,sweep,0.02,2,650,0.8327
3,sweep,0.02,2,700,0.8105
3,sweep,0.02,2,750,0.7262
3,sweep,0.02,2,800,0.6380
3,sweep,0.02,2,850,0.6439
3,sweep,0.02,2,900,0.5830
3,sweep,0.02,2,950,0.5345
3,sweep,0.02,2,1000,0.5189
3,sweep,0.02,2,1050,0.4694
3,sweep,0.02,2,1100,0.3372
3,sweep,0.02,2,1150,0.4538
3,sweep,0.02,2,1200,0.4795
3,sweep,0.02,2,1250,0.5182
3,sweep,0.02,2,1300,0.4020
3,sweep,0.02,2,1350,0.3311
3,sweep,0.02,2,1400,0.3216
3,sweep,0.02,2,1450,0.3831
3,sweep,0.02,2,1499,0.2507
3,sweep,0.02,4,0,0.9551
3,sweep,0.02,4,50,0.9583
3,sweep,0.02,4,100,0.9577
3,sweep,0.02,4,150,0.9557
3,sweep,0.02,4,200,0.9531
3,sweep,0.02,4,250,0.9515
3,sweep,0.02,4,300,0.9447
3,sweep,0.02,4,350,0.9365
3,sweep,0.02,4,400,0.9284
3,sweep,0.02,4,450,0.9297
3,sweep,0.02,4,500,0.9040
3,sweep,0.02,4,550,0.8975
3,sweep,0.02,4,600,0.8682
3,sweep,0.02,4,650,0.8454
3,sweep,0.02,4,700,0.7907
3,sweep,0.02,4,750,0.7692
3,sweep,0.02,4,800,0.7708
3,sweep,0.02,4,850,0.7354
3,sweep,0.02,4,900,0.7282
3,sweep,0.02,4,950,0.6950
3,sweep,0.02,4,1000,0.6927
3,sweep,0.02,4,1050,0.6943
3,sweep,0.02,4,1100,0.6868
3,sweep,0.02,4,1150,0.6735
3,sweep,0.02,4,1200,0.6247
3,sweep,0.02,4,1250,0.7116
3,sweep,0.02,4,1300,0.6286
3,sweep,0.02,4,1350,0.6042
3,sweep,0.02,4,1400,0.5521
3,sweep,0.02,4,1450,0.5251
3,sweep,0.02,4,1499,0.5130
3,sweep,0.02,8,0,0.9561
3,sweep,0.02,8,50,0.9587
3,sweep,0.02,8,100,0.9577
3,sweep,0.02,8,150,0.9574
3,sweep,0.02,8,200,0.9557
3,sweep,0.02,8,250,0.9512
3,sweep,0.02,8,300,0.9492
3,sweep,0.02,8,350,0.9414
3,sweep,0.02,8,400,0.9303
3,sweep,0.02,8,450,0.9248
3,sweep,0.02,8,500,0.9206
3,sweep,0.02,8,550,0.9066
3,sweep,0.02,8,600,0.8929
3,sweep,0.02,8,650,0.8805
3,sweep,0.02,8,700,0.8665
3,sweep,0.02,8,750,0.8581
3,sweep,0.02,8,800,0.8532
3,sweep,0.02,8,850,0.8285
3,sweep,0.02,8,900,0.8203
3,sweep,0.02,8,950,0.8099
3,sweep,0.02,8,1000,0.7900
3,sweep,0.02,8,1050,0.7767
3,sweep,0.02,8,1100,0.7347
3,sweep,0.02,8,1150,0.7790
3,sweep,0.02,8,1200,0.7767
3,sweep,0.02,8,1250,0.7757
3,sweep,0.02,8,1300,0.7653
3,sweep,0.02,8,1350,0.7438
3,sweep,0.02,8,1400,0.7367
3,sweep,0.02,8,1450,0.7220
3,sweep,0.02,8,1499,0.6908
3,sweep,0.04,0,0,0.9551
3,sweep,0.04,0,50,0.9206
3,sweep,0.04,0,100,0.9297
3,sweep,0.04,0,150,0.7904
3,sweep,0.04,0,200,0.7461
3,sweep,0.04,0,250,0.4606
3,sweep,0.04,0,300,0.4030
3,sweep,0.04,0,350,0.2607
3,sweep,0.04,0,400,0.2152
3,sweep,0.04,0,450,0.1872
3,sweep,0.04,0,500,0.1777
3,sweep,0.04,0,550,0.1615
3,sweep,0.04,0,600,0.1553
3,sweep,0.04,0,650,0.0456
3,sweep,0.04,0,700,0.0801
3,sweep,0.04,0,750,0.1042
3,sweep,0.04,0,800,0.1042
3,sweep,0.04,0,850,0.1042
3,sweep,0.04,0,900,0.1042
3,sweep,0.04,0,950,0.1270
3,sweep,0.04,0,1000,0.1081
3,sweep,0.04,0,1050,0.1253
3,sweep,0.04,0,1100,0.1074
3,sweep,0.04,0,1150,0.0905
3,sweep,0.04,0,1200,0.0905
3,sweep,0.04,0,1250,0.0905
3,sweep,0.04,0,1300,0.0905
3,sweep,0.04,0,1350,0.1058
3,sweep,0.04,0,1400,0.0957
3,sweep,0.04,0,1450,0.0957
3,sweep,0.04,0,1499,0.0892
3,sweep,0.04,1,0,0.9561
3,sweep,0.04,1,50,0.9414
3,sweep,0.04,1,100,0.9408
3,sweep,0.04,1,150,0.9427
3,sweep,0.04,1,200,0.8786
3,sweep,0.04,1,250,0.7646
3,sweep,0.04,1,300,0.4749
3,sweep,0.04,1,350,0.3620
3,sweep,0.04,1,400,0.1572
3,sweep,0.04,1,450,0.1732
3,sweep,0.04,1,500,0.1715
3,sweep,0.04,1,550,0.1074
3,sweep,0.04,1,600,0.1022
3,sweep,0.04,1,650,0.1022
3,sweep,0.04,1,700,0.1022
3,sweep,0.04,1,750,0.1022
3,sweep,0.04,1,800,0.1022
3,sweep,0.04,1,850,0.1022
3,sweep,0.04,1,900,0.1022
3,sweep,0.04,1,950,0.1022
3,sweep,0.04,1,1000,0.0869
3,sweep,0.04,1,1050,0.0534
3,sweep,0.04,1,1100,0.0833
3,sweep,0.04,1,1150,0.0960
3,sweep,0.04,1,1200,0.1022
3,sweep,0.04,1,1250,0.0986
3,sweep,0.04,1,1300,0.0986
3,sweep,0.04,1,1350,0.0986
3,sweep,0.04,1,1400,0.0986
3,sweep,0.04,1,1450,0.0986
3,sweep,0.04,1,1499,0.0986
3,sweep,0.04,2,0,0.9557
3,sweep,0.04,2,50,0.9567
3,sweep,0.04,2,100,0.9411
3,sweep,0.04,2,150,0.9290
3,sweep,0.04,2,200,0.8743
3,sweep,0.04,2,250,0.8646
3,sweep,0.04,2,300,0.6634
3,sweep,0.04,2,350,0.6497
3,sweep,0.04,2,400,0.5059
3,sweep,0.04,2,450,0.4017
3,sweep,0.04,2,500,0.2435
3,sweep,0.04,2,550,0.2607
3,sweep,0.04,2,600,0.2617
3,sweep,0.04,2,650,0.2067
3,sweep,0.04,2,700,0.2305
3,sweep,0.04,2,750,0.1875
3,sweep,0.04,2,800,0.1650
3,sweep,0.04,2,850,0.2122
3,sweep,0.04,2,900,0.1143
3,sweep,0.04,2,950,0.1292
3,sweep,0.04,2,1000,0.1149
3,sweep,0.04,2,1050,0.1133
3,sweep,0.04,2,1100,0.0804
3,sweep,0.04,2,1150,0.0661
3,sweep,0.04,2,1200,0.1133
3,sweep,0.04,2,1250,0.1133
3,sweep,0.04,2,1300,0.1133
3,sweep,0.04,2,1350,0.1133
3,sweep,0.04,2,1400,0.1133
3,sweep,0.04,2,1450,0.1133
3,sweep,0.04,2,1499,0.0986
3,sweep,0.04,4,0,0.9535
3,sweep,0.04,4,50,0.9531
3,sweep,0.04,4,100,0.9417
3,sweep,0.04,4,150,0.9378
3,sweep,0.04,4,200,0.9017
3,sweep,0.04,4,250,0.8721
3,sweep,0.04,4,300,0.8180
3,sweep,0.04,4,350,0.6800
3,sweep,0.04,4,400,0.7184
3,sweep,0.04,4,450,0.5999
3,sweep,0.04,4,500,0.6331
3,sweep,0.04,4,550,0.5902
3,sweep,0.04,4,600,0.4046
3,sweep,0.04,4,650,0.3359
3,sweep,0.04,4,700,0.1849
3,sweep,0.04,4,750,0.1051
3,sweep,0.04,4,800,0.1064
3,sweep,0.04,4,850,0.1087
3,sweep,0.04,4,900,0.1169
3,sweep,0.04,4,950,0.1237
3,sweep,0.04,4,1000,0.1393
3,sweep,0.04,4,1050,0.1439
3,sweep,0.04,4,1100,0.1084
3,sweep,0.04,4,1150,0.1598
3,sweep,0.04,4,1200,0.1133
3,sweep,0.04,4,1250,0.1133
3,sweep,0.04,4,1300,0.1133
3,sweep,0.04,4,1350,0.1133
3,sweep,0.04,4,1400,0.1133
3,sweep,0.04,4,1450,0.0918
3,sweep,0.04,4,1499,0.0508
3,sweep,0.04,8,0,0.9561
3,sweep,0.04,8,50,0.9577
3,sweep,0.04,8,100,0.9518
3,sweep,0.04,8,150,0.9362
3,sweep,0.04,8,200,0.9189
3,sweep,0.04,8,250,0.9049
3,sweep,0.04,8,300,0.8805
3,sweep,0.04,8,350,0.8431
3,sweep,0.04,8,400,0.7842
3,sweep,0.04,8,450,0.7546
3,sweep,0.04,8,500,0.7240
3,sweep,0.04,8,550,0.6738
3,sweep,0.04,8,600,0.6781
3,sweep,0.04,8,650,0.6077
3,sweep,0.04,8,700,0.6009
3,sweep,0.04,8,750,0.5299
3,sweep,0.04,8,800,0.5488
3,sweep,0.04,8,850,0.5368
3,sweep,0.04,8,900,0.4844
3,sweep,0.04,8,950,0.4720
3,sweep,0.04,8,1000,0.4567
3,sweep,0.04,8,1050,0.4229
3,sweep,0.04,8,1100,0.3743
3,sweep,0.04,8,1150,0.2786
3,sweep,0.04,8,1200,0.1582
3,sweep,0.04,8,1250,0.1257
3,sweep,0.04,8,1300,0.1133
3,sweep,0.04,8,1350,0.1133
3,sweep,0.04,8,1400,0.1133
3,sweep,0.04,8,1450,0.1133
3,sweep,0.04,8,1499,0.1133
3,sweep,0.08,0,0,0.9557
3,sweep,0.08,0,50,0.9206
3,sweep,0.08,0,100,0.5179
3,sweep,0.08,0,150,0.1569
3,sweep,0.08,0,200,0.1113
3,sweep,0.08,0,250,0.1195
3,sweep,0.08,0,300,0.1390
3,sweep,0.08,0,350,0.1042
3,sweep,0.08,0,400,0.1097
3,sweep,0.08,0,450,0.1165
3,sweep,0.08,0,500,0.0850
3,sweep,0.08,0,550,0.0840
3,sweep,0.08,0,600,0.0830
3,sweep,0.08,0,650,0.1462
3,sweep,0.08,0,700,0.1217
3,sweep,0.08,0,750,0.1016
3,sweep,0.08,0,800,0.1087
3,sweep,0.08,0,850,0.1055
3,sweep,0.08,0,900,0.1240
3,sweep,0.08,0,950,0.0872
3,sweep,0.08,0,1000,0.1208
3,sweep,0.08,0,1050,0.0664
3,sweep,0.08,0,1100,0.1068
3,sweep,0.08,0,1150,0.1335
3,sweep,0.08,0,1200,0.1217
3,sweep,0.08,0,1250,0.0970
3,sweep,0.08,0,1300,0.1048
3,sweep,0.08,0,1350,0.1263
3,sweep,0.08,0,1400,0.0602
3,sweep,0.08,0,1450,0.0788
3,sweep,0.08,0,1499,0.0814
3,sweep,0.08,1,0,0.9557
3,sweep,0.08,1,50,0.9274
3,sweep,0.08,1,100,0.7100
3,sweep,0.08,1,150,0.4108
3,sweep,0.08,1,200,0.2158
3,sweep,0.08,1,250,0.0788
3,sweep,0.08,1,300,0.1058
3,sweep,0.08,1,350,0.1488
3,sweep,0.08,1,400,0.0745
3,sweep,0.08,1,450,0.0492
3,sweep,0.08,1,500,0.1048
3,sweep,0.08,1,550,0.1022
3,sweep,0.08,1,600,0.1152
3,sweep,0.08,1,650,0.0771
3,sweep,0.08,1,700,0.0785
3,sweep,0.08,1,750,0.1058
3,sweep,0.08,1,800,0.1058
3,sweep,0.08,1,850,0.1094
3,sweep,0.08,1,900,0.1068
3,sweep,0.08,1,950,0.1462
3,sweep,0.08,1,1000,0.0830
3,sweep,0.08,1,1050,0.1341
3,sweep,0.08,1,1100,0.0785
3,sweep,0.08,1,1150,0.1042
3,sweep,0.08,1,1200,0.1042
3,sweep,0.08,1,1250,0.1279
3,sweep,0.08,1,1300,0.1159
3,sweep,0.08,1,1350,0.0970
3,sweep,0.08,1,1400,0.1012
3,sweep,0.08,1,1450,0.1051
3,sweep,0.08,1,1499,0.1042
3,sweep,0.08,2,0,0.9561
3,sweep,0.08,2,50,0.9264
3,sweep,0.08,2,100,0.7493
3,sweep,0.08,2,150,0.3587
3,sweep,0.08,2,200,0.2321
3,sweep,0.08,2,250,0.1592
3,sweep,0.08,2,300,0.1146
3,sweep,0.08,2,350,0.1204
3,sweep,0.08,2,400,0.1497
3,sweep,0.08,2,450,0.1019
3,sweep,0.08,2,500,0.1523
3,sweep,0.08,2,550,0.1367
3,sweep,0.08,2,600,0.1504
3,sweep,0.08,2,650,0.1432
3,sweep,0.08,2,700,0.1468
3,sweep,0.08,2,750,0.1602
3,sweep,0.08,2,800,0.1077
3,sweep,0.08,2,850,0.1156
3,sweep,0.08,2,900,0.1084
3,sweep,0.08,2,950,0.0889
3,sweep,0.08,2,1000,0.1058
3,sweep,0.08,2,1050,0.1208
3,sweep,0.08,2,1100,0.1061
3,sweep,0.08,2,1150,0.1455
3,sweep,0.08,2,1200,0.1227
3,sweep,0.08,2,1250,0.1068
3,sweep,0.08,2,1300,0.1631
3,sweep,0.08,2,1350,0.1006
3,sweep,0.08,2,1400,0.1172
3,sweep,0.08,2,1450,0.1592
3,sweep,0.08,2,1499,0.1644
3,sweep,0.08,4,0,0.9567
3,sweep,0.08,4,50,0.9398
3,sweep,0.08,4,100,0.8135
3,sweep,0.08,4,150,0.4170
3,sweep,0.08,4,200,0.3499
3,sweep,0.08,4,250,0.2044
3,sweep,0.08,4,300,0.1969
3,sweep,0.08,4,350,0.2038
3,sweep,0.08,4,400,0.1250
3,sweep,0.08,4,450,0.1341
3,sweep,0.08,4,500,0.1338
3,sweep,0.08,4,550,0.1305
3,sweep,0.08,4,600,0.1217
3,sweep,0.08,4,650,0.1286
3,sweep,0.08,4,700,0.1211
3,sweep,0.08,4,750,0.0846
3,sweep,0.08,4,800,0.1240
3,sweep,0.08,4,850,0.1019
3,sweep,0.08,4,900,0.1318
3,sweep,0.08,4,950,0.1234
3,sweep,0.08,4,1000,0.1230
3,sweep,0.08,4,1050,0.1325
3,sweep,0.08,4,1100,0.0947
3,sweep,0.08,4,1150,0.1442
3,sweep,0.08,4,1200,0.1087
3,sweep,0.08,4,1250,0.1133
3,sweep,0.08,4,1300,0.1133
3,sweep,0.08,4,1350,0.1562
3,sweep,0.08,4,1400,0.1139
3,sweep,0.08,4,1450,0.1289
3,sweep,0.08,4,1499,0.1299
3,sweep,0.08,8,0,0.9561
3,sweep,0.08,8,50,0.9401
3,sweep,0.08,8,100,0.8496
3,sweep,0.08,8,150,0.7311
3,sweep,0.08,8,200,0.5505
3,sweep,0.08,8,250,0.4417
3,sweep,0.08,8,300,0.2686
3,sweep,0.08,8,350,0.2363
3,sweep,0.08,8,400,0.1670
3,sweep,0.08,8,450,0.1979
3,sweep,0.08,8,500,0.1683
3,sweep,0.08,8,550,0.1488
3,sweep,0.08,8,600,0.2282
3,sweep,0.08,8,650,0.2204
3,sweep,0.08,8,700,0.2246
3,sweep,0.08,8,750,0.1491
3,sweep,0.08,8,800,0.1797
3,sweep,0.08,8,850,0.1849
3,sweep,0.08,8,900,0.1706
3,sweep,0.08,8,950,0.1396
3,sweep,0.08,8,1000,0.1553
3,sweep,0.08,8,1050,0.1989
3,sweep,0.08,8,1100,0.1833
3,sweep,0.08,8,1150,0.1660
3,sweep,0.08,8,1200,0.1582
3,sweep,0.08,8,1250,0.1224
3,sweep,0.08,8,1300,0.1240
3,sweep,0.08,8,1350,0.1025
3,sweep,0.08,8,1400,0.1230
3,sweep,0.08,8,1450,0.1725
3,sweep,0.08,8,1499,0.0986
3,sweep,0.16,0,0,0.9531
3,sweep,0.16,0,50,0.2497
3,sweep,0.16,0,100,0.1094
3,sweep,0.16,0,150,0.0882
3,sweep,0.16,0,200,0.0837
3,sweep,0.16,0,250,0.0840
3,sweep,0.16,0,300,0.1175
3,sweep,0.16,0,350,0.0889
3,sweep,0.16,0,400,0.1185
3,sweep,0.16,0,450,0.0664
3,sweep,0.16,0,500,0.0889
3,sweep,0.16,0,550,0.0980
3,sweep,0.16,0,600,0.0866
3,sweep,0.16,0,650,0.1068
3,sweep,0.16,0,700,0.0918
3,sweep,0.16,0,750,0.0960
3,sweep,0.16,0,800,0.1090
3,sweep,0.16,0,850,0.1315
3,sweep,0.16,0,900,0.1185
3,sweep,0.16,0,950,0.0957
3,sweep,0.16,0,1000,0.0895
3,sweep,0.16,0,1050,0.0713
3,sweep,0.16,0,1100,0.0833
3,sweep,0.16,0,1150,0.1061
3,sweep,0.16,0,1200,0.1081
3,sweep,0.16,0,1250,0.1117
3,sweep,0.16,0,1300,0.1299
3,sweep,0.16,0,1350,0.1058
3,sweep,0.16,0,1400,0.0824
3,sweep,0.16,0,1450,0.1084
3,sweep,0.16,0,1499,0.1019
3,sweep,0.16,1,0,0.9548
3,sweep,0.16,1,50,0.2982
3,sweep,0.16,1,100,0.1432
3,sweep,0.16,1,150,0.1755
3,sweep,0.16,1,200,0.1064
3,sweep,0.16,1,250,0.1497
3,sweep,0.16,1,300,0.0677
3,sweep,0.16,1,350,0.1536
3,sweep,0.16,1,400,0.1849
3,sweep,0.16,1,450,0.1266
3,sweep,0.16,1,500,0.1426
3,sweep,0.16,1,550,0.1797
3,sweep,0.16,1,600,0.1836
3,sweep,0.16,1,650,0.2487
3,sweep,0.16,1,700,0.2679
3,sweep,0.16,1,750,0.2445
3,sweep,0.16,1,800,0.2926
3,sweep,0.16,1,850,0.1960
3,sweep,0.16,1,900,0.3311
3,sweep,0.16,1,950,0.2959
3,sweep,0.16,1,1000,0.3597
3,sweep,0.16,1,1050,0.4284
3,sweep,0.16,1,1100,0.4440
3,sweep,0.16,1,1150,0.4798
3,sweep,0.16,1,1200,0.4782
3,sweep,0.16,1,1250,0.4840
3,sweep,0.16,1,1300,0.4697
3,sweep,0.16,1,1350,0.5378
3,sweep,0.16,1,1400,0.5371
3,sweep,0.16,1,1450,0.4460
3,sweep,0.16,1,1499,0.5059
3,sweep,0.16,2,0,0.9554
3,sweep,0.16,2,50,0.4359
3,sweep,0.16,2,100,0.1797
3,sweep,0.16,2,150,0.1589
3,sweep,0.16,2,200,0.1208
3,sweep,0.16,2,250,0.1370
3,sweep,0.16,2,300,0.1364
3,sweep,0.16,2,350,0.1393
3,sweep,0.16,2,400,0.1471
3,sweep,0.16,2,450,0.1455
3,sweep,0.16,2,500,0.1810
3,sweep,0.16,2,550,0.2067
3,sweep,0.16,2,600,0.2526
3,sweep,0.16,2,650,0.2904
3,sweep,0.16,2,700,0.2799
3,sweep,0.16,2,750,0.3317
3,sweep,0.16,2,800,0.4046
3,sweep,0.16,2,850,0.3893
3,sweep,0.16,2,900,0.4424
3,sweep,0.16,2,950,0.4648
3,sweep,0.16,2,1000,0.5225
3,sweep,0.16,2,1050,0.5511
3,sweep,0.16,2,1100,0.5176
3,sweep,0.16,2,1150,0.5853
3,sweep,0.16,2,1200,0.5674
3,sweep,0.16,2,1250,0.5876
3,sweep,0.16,2,1300,0.6081
3,sweep,0.16,2,1350,0.6270
3,sweep,0.16,2,1400,0.5778
3,sweep,0.16,2,1450,0.6325
3,sweep,0.16,2,1499,0.5918
3,sweep,0.16,4,0,0.9551
3,sweep,0.16,4,50,0.4512
3,sweep,0.16,4,100,0.1530
3,sweep,0.16,4,150,0.1217
3,sweep,0.16,4,200,0.1823
3,sweep,0.16,4,250,0.1556
3,sweep,0.16,4,300,0.1380
3,sweep,0.16,4,350,0.2178
3,sweep,0.16,4,400,0.2178
3,sweep,0.16,4,450,0.2402
3,sweep,0.16,4,500,0.2464
3,sweep,0.16,4,550,0.2835
3,sweep,0.16,4,600,0.3216
3,sweep,0.16,4,650,0.3727
3,sweep,0.16,4,700,0.4219
3,sweep,0.16,4,750,0.4694
3,sweep,0.16,4,800,0.4844
3,sweep,0.16,4,850,0.5042
3,sweep,0.16,4,900,0.5798
3,sweep,0.16,4,950,0.5931
3,sweep,0.16,4,1000,0.5579
3,sweep,0.16,4,1050,0.6211
3,sweep,0.16,4,1100,0.6038
3,sweep,0.16,4,1150,0.6439
3,sweep,0.16,4,1200,0.6442
3,sweep,0.16,4,1250,0.6611
3,sweep,0.16,4,1300,0.6813
3,sweep,0.16,4,1350,0.6589
3,sweep,0.16,4,1400,0.7012
3,sweep,0.16,4,1450,0.6794
3,sweep,0.16,4,1499,0.7204
3,sweep,0.16,8,0,0.9567
3,sweep,0.16,8,50,0.5716
3,sweep,0.16,8,100,0.1976
3,sweep,0.16,8,150,0.2093
3,sweep,0.16,8,200,0.2087
3,sweep,0.16,8,250,0.2480
3,sweep,0.16,8,300,0.3242
3,sweep,0.16,8,350,0.3187
3,sweep,0.16,8,400,0.2985
3,sweep,0.16,8,450,0.3268
3,sweep,0.16,8,500,0.3890
3,sweep,0.16,8,550,0.3669
3,sweep,0.16,8,600,0.4242
3,sweep,0.16,8,650,0.4430
3,sweep,0.16,8,700,0.4590
3,sweep,0.16,8,750,0.5407
3,sweep,0.16,8,800,0.5830
3,sweep,0.16,8,850,0.5592
3,sweep,0.16,8,900,0.5830
3,sweep,0.16,8,950,0.6510
3,sweep,0.16,8,1000,0.6436
3,sweep,0.16,8,1050,0.6859
3,sweep,0.16,8,1100,0.7227
3,sweep,0.16,8,1150,0.6348
3,sweep,0.16,8,1200,0.6852
3,sweep,0.16,8,1250,0.7233
3,sweep,0.16,8,1300,0.7568
3,sweep,0.16,8,1350,0.7715
3,sweep,0.16,8,1400,0.7832
3,sweep,0.16,8,1450,0.7777
3,sweep,0.16,8,1499,0.7686
3,prelude,0.02,4,0,0.9551
3,prelude,0.02,4,50,0.9570
3,prelude,0.02,4,100,0.9554
3,prelude,0.02,4,150,0.9544
3,prelude,0.02,4,200,0.9531
3,prelude,0.02,4,250,0.9489
3,prelude,0.02,4,300,0.9414
3,prelude,0.02,4,350,0.9378
3,prelude,0.02,4,400,0.9336
3,prelude,0.02,4,450,0.9271
3,prelude,0.02,4,500,0.8994
3,prelude,0.02,4,550,0.8877
3,prelude,0.02,4,600,0.8730
3,prelude,0.02,4,650,0.8577
3,prelude,0.02,4,700,0.8486
3,prelude,0.02,4,750,0.8454
3,prelude,0.02,4,800,0.8177
3,prelude,0.02,4,850,0.8076
3,prelude,0.02,4,900,0.7897
3,prelude,0.02,4,950,0.7552
3,prelude,0.02,4,1000,0.7246
3,prelude,0.02,4,1050,0.6807
3,prelude,0.02,4,1100,0.7002
3,prelude,0.02,4,1150,0.7015
3,prelude,0.02,4,1200,0.6393
3,prelude,0.02,4,1250,0.5837
3,prelude,0.02,4,1300,0.6169
3,prelude,0.02,4,1350,0.6305
3,prelude,0.02,4,1400,0.6328
3,prelude,0.02,4,1450,0.6257
3,prelude,0.02,4,1499,0.6016
3,starve,0.02,0,0,0.5973
3,starve,0.02,0,2,0.5824
3,starve,0.02,0,4,0.5765
3,starve,0.02,0,6,0.5755
3,starve,0.02,0,8,0.5680
3,starve,0.02,0,10,0.5674
3,starve,0.02,0,12,0.5407
3,starve,0.02,0,14,0.5589
3,starve,0.02,0,16,0.5658
3,starve,0.02,0,18,0.5661
3,starve,0.02,0,20,0.5566
3,starve,0.02,0,22,0.5452
3,starve,0.02,0,24,0.5498
3,recover,0.02,4,0,0.5566
3,recover,0.02,4,50,0.4889
3,recover,0.02,4,100,0.5127
3,recover,0.02,4,150,0.5508
3,recover,0.02,4,200,0.4840
3,recover,0.02,4,250,0.4619
3,recover,0.02,4,300,0.4281
3,recover,0.02,4,350,0.4219
3,recover,0.02,4,400,0.3799
3,recover,0.02,4,450,0.3851
3,recover,0.02,4,500,0.3252
3,recover,0.02,4,550,0.3268
3,recover,0.02,4,600,0.2751
3,recover,0.02,4,650,0.1253
3,recover,0.02,4,700,0.1318
3,recover,0.02,4,750,0.1185
3,recover,0.02,4,800,0.1025
3,recover,0.02,4,850,0.1022
3,recover,0.02,4,900,0.1022
3,recover,0.02,4,950,0.1973
3,recover,0.02,4,1000,0.1260
3,recover,0.02,4,1050,0.1364
3,recover,0.02,4,1100,0.1133
3,recover,0.02,4,1150,0.1133
3,recover,0.02,4,1200,0.1133
3,recover,0.02,4,1250,0.1133
3,recover,0.02,4,1300,0.1133
3,recover,0.02,4,1350,0.1133
3,recover,0.02,4,1400,0.1133
3,recover,0.02,4,1450,0.1133
3,recover,0.02,4,1499,0.1133
3,recovery_summary,0.02,4,25,0.5839|0.1133
3,starve,0.02,0,0,0.5951
3,starve,0.02,0,5,0.5719
3,starve,0.02,0,10,0.5837
3,starve,0.02,0,15,0.5700
3,starve,0.02,0,20,0.5465
3,starve,0.02,0,25,0.5674
3,starve,0.02,0,30,0.5661
3,starve,0.02,0,35,0.5485
3,starve,0.02,0,40,0.5469
3,starve,0.02,0,45,0.5192
3,starve,0.02,0,49,0.5391
3,recover,0.02,4,0,0.5384
3,recover,0.02,4,50,0.5898
3,recover,0.02,4,100,0.5762
3,recover,0.02,4,150,0.4951
3,recover,0.02,4,200,0.4186
3,recover,0.02,4,250,0.4170
3,recover,0.02,4,300,0.4697
3,recover,0.02,4,350,0.4150
3,recover,0.02,4,400,0.3236
3,recover,0.02,4,450,0.3304
3,recover,0.02,4,500,0.3053
3,recover,0.02,4,550,0.1810
3,recover,0.02,4,600,0.1195
3,recover,0.02,4,650,0.1133
3,recover,0.02,4,700,0.1133
3,recover,0.02,4,750,0.1133
3,recover,0.02,4,800,0.1133
3,recover,0.02,4,850,0.1133
3,recover,0.02,4,900,0.1133
3,recover,0.02,4,950,0.1133
3,recover,0.02,4,1000,0.1133
3,recover,0.02,4,1050,0.1133
3,recover,0.02,4,1100,0.1133
3,recover,0.02,4,1150,0.1133
3,recover,0.02,4,1200,0.1133
3,recover,0.02,4,1250,0.1133
3,recover,0.02,4,1300,0.1133
3,recover,0.02,4,1350,0.1133
3,recover,0.02,4,1400,0.1133
3,recover,0.02,4,1450,0.1133
3,recover,0.02,4,1499,0.1133
3,recovery_summary,0.02,4,50,0.5701|0.1133
3,starve,0.02,0,0,0.6104
3,starve,0.02,0,10,0.5736
3,starve,0.02,0,20,0.5824
3,starve,0.02,0,30,0.5778
3,starve,0.02,0,40,0.5098
3,starve,0.02,0,50,0.5033
3,starve,0.02,0,60,0.4613
3,starve,0.02,0,70,0.4424
3,starve,0.02,0,80,0.4010
3,starve,0.02,0,90,0.3949
3,starve,0.02,0,99,0.3278
3,recover,0.02,4,0,0.3262
3,recover,0.02,4,50,0.2809
3,recover,0.02,4,100,0.3346
3,recover,0.02,4,150,0.3812
3,recover,0.02,4,200,0.3831
3,recover,0.02,4,250,0.3187
3,recover,0.02,4,300,0.3564
3,recover,0.02,4,350,0.2712
3,recover,0.02,4,400,0.2279
3,recover,0.02,4,450,0.1221
3,recover,0.02,4,500,0.1149
3,recover,0.02,4,550,0.1133
3,recover,0.02,4,600,0.1133
3,recover,0.02,4,650,0.1133
3,recover,0.02,4,700,0.1133
3,recover,0.02,4,750,0.1022
3,recover,0.02,4,800,0.1022
3,recover,0.02,4,850,0.1022
3,recover,0.02,4,900,0.1022
3,recover,0.02,4,950,0.1022
3,recover,0.02,4,1000,0.1022
3,recover,0.02,4,1050,0.1022
3,recover,0.02,4,1100,0.1022
3,recover,0.02,4,1150,0.1133
3,recover,0.02,4,1200,0.1133
3,recover,0.02,4,1250,0.1133
3,recover,0.02,4,1300,0.1133
3,recover,0.02,4,1350,0.1133
3,recover,0.02,4,1400,0.1133
3,recover,0.02,4,1450,0.1133
3,recover,0.02,4,1499,0.1022
3,recovery_summary,0.02,4,100,0.3270|0.1022
3,starve,0.02,0,0,0.6081
3,starve,0.02,0,20,0.5505
3,starve,0.02,0,40,0.5267
3,starve,0.02,0,60,0.5166
3,starve,0.02,0,80,0.5273
3,starve,0.02,0,100,0.5488
3,starve,0.02,0,120,0.5221
3,starve,0.02,0,140,0.4635
3,starve,0.02,0,160,0.5033
3,starve,0.02,0,180,0.4603
3,starve,0.02,0,199,0.4899
3,recover,0.02,4,0,0.4990
3,recover,0.02,4,50,0.3997
3,recover,0.02,4,100,0.3571
3,recover,0.02,4,150,0.3014
3,recover,0.02,4,200,0.2471
3,recover,0.02,4,250,0.1605
3,recover,0.02,4,300,0.1143
3,recover,0.02,4,350,0.1133
3,recover,0.02,4,400,0.1133
3,recover,0.02,4,450,0.1133
3,recover,0.02,4,500,0.1133
3,recover,0.02,4,550,0.1133
3,recover,0.02,4,600,0.1133
3,recover,0.02,4,650,0.1133
3,recover,0.02,4,700,0.2168
3,recover,0.02,4,750,0.1169
3,recover,0.02,4,800,0.1133
3,recover,0.02,4,850,0.1133
3,recover,0.02,4,900,0.1133
3,recover,0.02,4,950,0.1133
3,recover,0.02,4,1000,0.1133
3,recover,0.02,4,1050,0.1133
3,recover,0.02,4,1100,0.1133
3,recover,0.02,4,1150,0.1133
3,recover,0.02,4,1200,0.1133
3,recover,0.02,4,1250,0.1133
3,recover,0.02,4,1300,0.1133
3,recover,0.02,4,1350,0.1133
3,recover,0.02,4,1400,0.1133
3,recover,0.02,4,1450,0.1133
3,recover,0.02,4,1499,0.1022
3,recovery_summary,0.02,4,200,0.4935|0.1022
3,starve,0.02,0,0,0.5977
3,starve,0.02,0,40,0.5723
3,starve,0.02,0,80,0.4893
3,starve,0.02,0,120,0.4984
3,starve,0.02,0,160,0.5420
3,starve,0.02,0,200,0.4196
3,starve,0.02,0,240,0.3691
3,starve,0.02,0,280,0.3333
3,starve,0.02,0,320,0.3607
3,starve,0.02,0,360,0.3496
3,starve,0.02,0,399,0.2383
3,recover,0.02,4,0,0.2344
3,recover,0.02,4,50,0.2614
3,recover,0.02,4,100,0.2965
3,recover,0.02,4,150,0.1976
3,recover,0.02,4,200,0.1133
3,recover,0.02,4,250,0.1133
3,recover,0.02,4,300,0.1133
3,recover,0.02,4,350,0.1133
3,recover,0.02,4,400,0.1133
3,recover,0.02,4,450,0.1133
3,recover,0.02,4,500,0.1133
3,recover,0.02,4,550,0.1133
3,recover,0.02,4,600,0.1133
3,recover,0.02,4,650,0.1133
3,recover,0.02,4,700,0.1133
3,recover,0.02,4,750,0.1133
3,recover,0.02,4,800,0.1133
3,recover,0.02,4,850,0.1133
3,recover,0.02,4,900,0.1133
3,recover,0.02,4,950,0.1133
3,recover,0.02,4,1000,0.1133
3,recover,0.02,4,1050,0.1133
3,recover,0.02,4,1100,0.1133
3,recover,0.02,4,1150,0.1133
3,recover,0.02,4,1200,0.1133
3,recover,0.02,4,1250,0.1133
3,recover,0.02,4,1300,0.1133
3,recover,0.02,4,1350,0.1133
3,recover,0.02,4,1400,0.1133
3,recover,0.02,4,1450,0.1133
3,recover,0.02,4,1499,0.1133
3,recovery_summary,0.02,4,400,0.2728|0.1133
3,starve,0.02,0,0,0.6048
3,starve,0.02,0,80,0.5430
3,starve,0.02,0,160,0.4245
3,starve,0.02,0,240,0.2734
3,starve,0.02,0,320,0.2985
3,starve,0.02,0,400,0.3288
3,starve,0.02,0,480,0.1751
3,starve,0.02,0,560,0.1058
3,starve,0.02,0,640,0.2152
3,starve,0.02,0,720,0.1670
3,starve,0.02,0,799,0.1696
3,recover,0.02,4,0,0.1738
3,recover,0.02,4,50,0.1341
3,recover,0.02,4,100,0.1416
3,recover,0.02,4,150,0.1136
3,recover,0.02,4,200,0.1133
3,recover,0.02,4,250,0.1133
3,recover,0.02,4,300,0.1133
3,recover,0.02,4,350,0.1133
3,recover,0.02,4,400,0.1133
3,recover,0.02,4,450,0.1133
3,recover,0.02,4,500,0.1133
3,recover,0.02,4,550,0.1133
3,recover,0.02,4,600,0.1133
3,recover,0.02,4,650,0.1133
3,recover,0.02,4,700,0.1133
3,recover,0.02,4,750,0.1022
3,recover,0.02,4,800,0.1022
3,recover,0.02,4,850,0.1022
3,recover,0.02,4,900,0.1022
3,recover,0.02,4,950,0.1022
3,recover,0.02,4,1000,0.1133
3,recover,0.02,4,1050,0.1133
3,recover,0.02,4,1100,0.1133
3,recover,0.02,4,1150,0.1133
3,recover,0.02,4,1200,0.1133
3,recover,0.02,4,1250,0.1133
3,recover,0.02,4,1300,0.1133
3,recover,0.02,4,1350,0.1133
3,recover,0.02,4,1400,0.1133
3,recover,0.02,4,1450,0.1133
3,recover,0.02,4,1499,0.1133
3,recovery_summary,0.02,4,800,0.1514|0.1133
3,starve,0.02,0,0,0.6188
3,starve,0.02,0,160,0.4059
3,starve,0.02,0,320,0.2240
3,starve,0.02,0,480,0.1956
3,starve,0.02,0,640,0.1976
3,starve,0.02,0,800,0.1188
3,starve,0.02,0,960,0.1068
3,starve,0.02,0,1120,0.1292
3,starve,0.02,0,1280,0.1133
3,starve,0.02,0,1440,0.0788
3,starve,0.02,0,1599,0.0934
3,recover,0.02,4,0,0.0934
3,recover,0.02,4,50,0.1133
3,recover,0.02,4,100,0.1133
3,recover,0.02,4,150,0.1133
3,recover,0.02,4,200,0.1133
3,recover,0.02,4,250,0.1133
3,recover,0.02,4,300,0.1133
3,recover,0.02,4,350,0.1133
3,recover,0.02,4,400,0.1133
3,recover,0.02,4,450,0.1133
3,recover,0.02,4,500,0.1133
3,recover,0.02,4,550,0.1133
3,recover,0.02,4,600,0.1133
3,recover,0.02,4,650,0.1133
3,recover,0.02,4,700,0.1133
3,recover,0.02,4,750,0.1133
3,recover,0.02,4,800,0.1133
3,recover,0.02,4,850,0.1133
3,recover,0.02,4,900,0.1133
3,recover,0.02,4,950,0.1133
3,recover,0.02,4,1000,0.1022
3,recover,0.02,4,1050,0.1022
3,recover,0.02,4,1100,0.1022
3,recover,0.02,4,1150,0.1022
3,recover,0.02,4,1200,0.1022
3,recover,0.02,4,1250,0.1022
3,recover,0.02,4,1300,0.1022
3,recover,0.02,4,1350,0.1022
3,recover,0.02,4,1400,0.1022
3,recover,0.02,4,1450,0.1022
3,recover,0.02,4,1499,0.1133
3,recovery_summary,0.02,4,1600,0.0892|0.1133
